{"stat.pickup.immersiveengineering.ore":5,"stat.craftItem.excompressum.auto_sieve":1,"stat.pickup.minecraft.bone":17,"stat.pickup.minecraft.wooden_slab":1,"stat.leaveGame":6,"stat.mineBlock.minecraft.cobblestone":119,"stat.drop.extrautils2.machine":1,"stat.mineBlock.thaumcraft.ore_quartz":2,"stat.pickup.minecraft.flint":3,"stat.useItem.cyclicmagic.cyclic_wand_build":1,"stat.craftItem.excompressum.compressed_hammer_stone":9,"stat.useItem.chancecubes.chance_cube":8,"stat.pickup.exnihilocreatio.item_ore_lead":7,"stat.craftItem.extrautils2.compressedcobblestone":124,"stat.killEntity.PigZombie":2,"stat.mineBlock.extrautils2.compressedcobblestone":125,"stat.swimOneCm":4581,"stat.mineBlock.minecraft.web":126,"stat.mineBlock.immersiveengineering.ore":6,"stat.pickup.thermalexpansion.machine":2,"stat.drop.tp.bsc_iron_sword":3,"stat.mineBlock.gravestone.gravestone":2,"stat.useItem.minecraft.dirt":98,"stat.useItem.minecraft.cookie":17,"stat.useItem.minecraft.stone_slab2":77,"stat.craftItem.avaritia.compressed_crafting_table":9,"stat.pickup.minecraft.bow":1,"stat.useItem.minecraft.water_bucket":9,"stat.pickup.exnihilocreatio.block_dust":678,"stat.pickup.minecraft.rotten_flesh":3,"stat.pickup.minecraft.sand":1209,"stat.pickup.excompressum.compressed_block":9,"stat.craftItem.minecraft.furnace":2,"stat.pickup.thermalfoundation.ore":6,"stat.craftItem.minecraft.bone_block":3,"stat.useItem.minecraft.egg":1,"stat.pickup.minecraft.bucket":2,"stat.useItem.tp.bsc_iron_sword":3,"stat.pickup.exnihilocreatio.item_pebble":138,"stat.pickup.tp.cooked_apple":10,"stat.pickup.minecraft.cobblestone":1344,"stat.mineBlock.minecraft.carpet":96,"stat.useItem.exnihilocreatio.hammer_stone":131,"stat.craftItem.avaritia.double_compressed_crafting_table":1,"stat.craftItem.minecraft.stone_sword":1,"stat.flyOneCm":382359,"stat.pickup.minecraft.sandstone":3,"stat.mineBlock.minecraft.sand":102,"stat.craftItem.cyclicmagic.sprinkler":1,"stat.useItem.extrautils2.compressedgravel":122,"stat.craftItem.extrautils2.compresseddirt":124,"stat.craftItem.minecraft.wooden_slab":12,"stat.pickup.exnihilocreatio.item_ore_copper":11,"stat.pickup.minecraft.cactus":1,"stat.pickup.extrautils2.compressedgravel":1,"stat.pickup.cyclicmagic.cyclic_wand_build":1,"stat.pickup.minecraft.redstone":4,"stat.pickup.appliedenergistics2.fluix_block":4,"stat.craftItem.extrautils2.machine":8,"stat.timeSinceDeath":191890,"stat.pickup.exnihilocreatio.hammer_stone":4,"stat.hopperInspected":4,"stat.pickup.hatchery.chickenmanure":20,"stat.pickup.projectred-core.resource_item":3,"stat.craftItem.minecraft.glass_pane":16,"stat.useItem.tp.cooked_apple":20,"stat.pickup.thermalfoundation.material":4,"stat.craftItem.tp.iron_cobblegen_block":1,"stat.pickup.quantumflux.graphitedust":1,"stat.furnaceInteraction":25,"stat.mineBlock.chancecubes.chance_cube":10,"stat.pickup.minecraft.carpet":101,"stat.mineBlock.minecraft.coal_ore":4,"stat.drop.cyclicmagic.sprinkler":1,"stat.pickup.actuallyadditions.item_solidified_experience":4,"stat.pickup.minecraft.string":149,"stat.pickup.minecraft.sponge":1,"stat.craftItem.exnihilocreatio.hammer_stone":77,"stat.pickup.excompressum.compressed_hammer_stone":1,"stat.craftItem.minecraft.stone_slab2":0,"stat.pickup.exnihilocreatio.item_ore_aluminium":8,"stat.pickup.extrautils2.compressedsand":7,"stat.pickup.exnihilocreatio.item_ore_iron":29,"stat.sprintOneCm":464071,"stat.pickup.minecraft.skull":2,"stat.pickup.exnihilocreatio.item_ore_osmium":1,"stat.craftItem.minecraft.stick":224,"stat.drop.thermalfoundation.wrench":1,"stat.pickup.chancecubes.chance_cube":2,"stat.pickup.exnihilocreatio.item_material":1,"stat.mineBlock.minecraft.diamond_ore":1,"stat.pickup.tp.iron_cobblegen_block":1,"stat.useItem.minecraft.wheat_seeds":3,"stat.craftItem.minecraft.sand":261,"stat.mineBlock.minecraft.crafting_table":1,"stat.pickup.exnihilocreatio.item_ore_nickel":36,"stat.useItem.excompressum.compressed_hammer_stone":719,"stat.pickup.minecraft.leather_leggings":1,"stat.pickup.cyclicmagic.tool_torch_launcher":1,"stat.useItem.minecraft.dye":393,"stat.drop.tp.iron_cobblegen_block":2,"stat.craftItem.exnihilocreatio.item_ore_lead":15,"stat.deaths":2,"stat.useItem.extrautils2.compressedsand":64,"stat.drop":16,"stat.pickup.minecraft.egg":3,"stat.pickup.actuallyadditions.item_dust":31,"stat.playOneMinute":285778,"stat.pickup.minecraft.stone_button":1,"stat.drop.cyclicmagic.cyclic_wand_build":1,"stat.pickup.thermalfoundation.glass_alloy":8,"stat.mineBlock.extrautils2.compressedsand":67,"stat.killEntity.Zombie":2,"stat.craftItem.minecraft.dye":24,"stat.craftItem.exnihilocreatio.item_ore_copper":7,"stat.pickup.petrock.stoneium":5,"stat.pickup.minecraft.wheat":15,"stat.chestOpened":169,"stat.pickup.thermalfoundation.wrench":2,"stat.craftItem.exnihilocreatio.item_ore_osmium":7,"stat.useItem.thermalfoundation.wrench":1,"stat.useItem.minecraft.stone":2,"stat.pickup.minecraft.gravel":1348,"stat.pickup.minecraft.arrow":4,"stat.useItem.extrautils2.compressedcobblestone":122,"stat.pickup.stonechest.part_cobblestone":1,"stat.useItem.minecraft.apple":4,"stat.pickup.extrautils2.compressedcobblestone":1,"stat.drop.thermalcultivation.watering_can":1,"stat.pickup.minecraft.gold_nugget":2,"stat.pickup.exnihilocreatio.item_ore_tin":8,"stat.jump":2009,"stat.useItem.minecraft.sand":98,"stat.pickup.tp.birthday_pickaxe":1,"stat.pickup.minecraft.coal":9,"stat.fallOneCm":12864,"stat.pickup.minecraft.iron_ingot":3,"stat.useItem.tp.birthday_pickaxe":317,"stat.drop.minecraft.stone_sword":1,"stat.pickup.minecraft.gunpowder":54,"stat.crouchOneCm":698,"stat.craftItem.minecraft.chest":7,"stat.craftItem.minecraft.iron_ingot":27,"stat.craftItem.minecraft.torch":28,"stat.pickup.minecraft.dirt":1219,"stat.craftingTableInteraction":61,"stat.pickup.minecraft.iron_ore":1,"stat.drop.thermalfoundation.tool.hammer_invar":2,"stat.mineBlock.minecraft.lapis_ore":3,"stat.craftItem.exnihilocreatio.item_ore_iron":21,"stat.pickup.minecraft.cookie":49,"stat.damageTaken":1835,"stat.craftItem.minecraft.iron_bars":16,"stat.mineBlock.minecraft.torch":10,"stat.useItem.minecraft.reeds":109,"stat.pickup.immersiveengineering.metal":6,"stat.pickup.exnihilocreatio.item_ore_gold":39,"stat.pickup.minecraft.dye":108,"stat.pickup.mysticalagriculture.crafting":13,"stat.pickup.minecraft.planks":76,"stat.pickup.minecraft.reeds":221,"stat.pickup.exnihilocreatio.item_ore_silver":53,"stat.killEntity.CaveSpider":1,"stat.drop.chickens.colored_egg":1,"stat.pickup.minecraft.wheat_seeds":24,"stat.craftItem.tp.bsc_rod":4,"stat.mineBlock.minecraft.gravel":102,"stat.craftItem.extrautils2.compressedsand":93,"stat.mineBlock.minecraft.glass":2,"stat.useItem.minecraft.stone_sword":11,"stat.damageDealt":1168,"stat.craftItem.minecraft.glass":6,"stat.sleepInBed":1,"stat.useItem.plustic.laser_gun":1,"stat.craftItem.tp.bsc_iron_sword":4,"stat.mineBlock.minecraft.dirt":103,"stat.craftItem.tp.compressed_sugar_cane":2,"stat.craftItem.minecraft.iron_sword":1,"stat.pickup.exnihilocreatio.item_mesh":1,"stat.craftItem.minecraft.stone_slab":6,"stat.walkOneCm":697612,"stat.craftItem.excompressum.compressed_block":75,"stat.pickup.immersiveengineering.seed":2,"stat.useItem.minecraft.torch":12,"stat.mineBlock.exnihilocreatio.block_dust":1,"stat.useItem.minecraft.chest":3,"stat.mineBlock.extrautils2.compresseddirt":124,"stat.pickup.minecraft.stick":1,"stat.pickup.minecraft.crafting_table":1,"stat.useItem.minecraft.cobblestone":109,"stat.craftItem.minecraft.crafting_table":87,"stat.craftItem.extrautils2.compressedgravel":124,"stat.useItem.minecraft.gravel":98,"stat.craftItem.exnihilocreatio.item_ore_nickel":26,"stat.pickup.minecraft.log":4,"stat.pickup.botania.blacklotus":8,"stat.craftItem.exnihilocreatio.block_sieve":1,"stat.pickup.randomthings.timeinabottle":1,"stat.craftItem.minecraft.gold_ingot":9,"stat.pickup.minecraft.stone":18,"stat.pickup.petrock.petrockspawn":1,"stat.mineBlock.minecraft.wool":34,"stat.pickup.minecraft.chicken":1,"stat.craftItem.minecraft.redstone":18,"stat.pickup.minecraft.sapling":4,"stat.pickup.minecraft.apple":13,"stat.pickup.extrautils2.compresseddirt":1,"stat.pickup.minecraft.gold_ingot":1,"stat.killEntity.Skeleton":2,"stat.pickup.thermalcultivation.watering_can":1,"stat.mineBlock.minecraft.cactus":1,"stat.craftItem.minecraft.planks":572,"stat.useItem.minecraft.iron_sword":126,"stat.craftItem.exnihilocreatio.item_ore_tin":34,"stat.killEntity.Chicken":1,"stat.craftItem.tp.cooked_apple":12,"stat.mineBlock.minecraft.quartz_ore":1,"stat.pickup.minecraft.stone_sword":2,"stat.useItem.excompressum.compressed_block":1,"stat.mobKills":7,"stat.mineBlock.minecraft.log":4,"stat.pickup.minecraft.quartz":4,"stat.pickup.storagedrawers.upgrade_storage":2,"stat.craftItem.exnihilocreatio.item_ore_gold":11,"stat.pickup.minecraft.diamond":4,"stat.mineBlock.minecraft.leaves":9,"stat.pickup.ftbquests.lootcrate":2,"stat.pickup.minecraft.torch":12,"stat.craftItem.exnihilocreatio.item_ore_aluminium":19,"stat.pickup.minecraft.red_flower":2,"stat.pickup.thaumcraft.brain":1,"stat.mineBlock.minecraft.redstone_ore":1,"stat.sneakTime":888,"stat.pickup.minecraft.wool":21,"stat.pickup.exnihilocreatio.block_sieve":1,"stat.craftItem.exnihilocreatio.item_ore_silver":32,"stat.drop.minecraft.bucket":2,"stat.mineBlock.extrautils2.compressedgravel":125,"stat.pickup.minecraft.yellow_flower":2,"stat.craftItem.exnihilocreatio.item_mesh":4,"stat.mineBlock.minecraft.stone":290,"stat.mineBlock.exnihilocreatio.block_sieve":1,"stat.useItem.extrautils2.compresseddirt":122,"stat.useItem.randomthings.timeinabottle":32}