{"stat.craftItem.excompressum.auto_sieve":1,"stat.pickup.minecraft.bone":14,"stat.leaveGame":6,"stat.mineBlock.minecraft.cobblestone":104,"stat.craftItem.excompressum.compressed_hammer_stone":9,"stat.useItem.chancecubes.chance_cube":4,"stat.craftItem.extrautils2.compressedcobblestone":124,"stat.killEntity.PigZombie":2,"stat.mineBlock.extrautils2.compressedcobblestone":125,"stat.swimOneCm":144,"stat.pickup.thermalexpansion.machine":2,"stat.mineBlock.gravestone.gravestone":2,"stat.useItem.minecraft.dirt":98,"stat.useItem.minecraft.stone_slab2":45,"stat.craftItem.avaritia.compressed_crafting_table":9,"stat.pickup.exnihilocreatio.block_dust":678,"stat.pickup.minecraft.rotten_flesh":1,"stat.pickup.minecraft.sand":1209,"stat.pickup.excompressum.compressed_block":9,"stat.pickup.thermalfoundation.ore":6,"stat.craftItem.minecraft.bone_block":3,"stat.pickup.exnihilocreatio.item_pebble":130,"stat.pickup.tp.cooked_apple":10,"stat.pickup.minecraft.cobblestone":1128,"stat.useItem.exnihilocreatio.hammer_stone":131,"stat.craftItem.avaritia.double_compressed_crafting_table":1,"stat.flyOneCm":154657,"stat.mineBlock.minecraft.sand":102,"stat.craftItem.cyclicmagic.sprinkler":1,"stat.useItem.extrautils2.compressedgravel":122,"stat.craftItem.extrautils2.compresseddirt":124,"stat.craftItem.minecraft.wooden_slab":6,"stat.pickup.exnihilocreatio.item_ore_copper":2,"stat.pickup.extrautils2.compressedgravel":1,"stat.timeSinceDeath":79390,"stat.pickup.exnihilocreatio.hammer_stone":4,"stat.hopperInspected":4,"stat.pickup.hatchery.chickenmanure":20,"stat.craftItem.minecraft.glass_pane":16,"stat.useItem.tp.cooked_apple":11,"stat.pickup.thermalfoundation.material":4,"stat.craftItem.tp.iron_cobblegen_block":1,"stat.pickup.quantumflux.graphitedust":1,"stat.furnaceInteraction":22,"stat.mineBlock.chancecubes.chance_cube":4,"stat.drop.cyclicmagic.sprinkler":1,"stat.pickup.actuallyadditions.item_solidified_experience":4,"stat.pickup.minecraft.string":24,"stat.craftItem.exnihilocreatio.hammer_stone":77,"stat.pickup.excompressum.compressed_hammer_stone":1,"stat.craftItem.minecraft.stone_slab2":0,"stat.pickup.extrautils2.compressedsand":7,"stat.sprintOneCm":214068,"stat.pickup.minecraft.skull":2,"stat.craftItem.minecraft.stick":224,"stat.pickup.tp.iron_cobblegen_block":1,"stat.mineBlock.minecraft.crafting_table":1,"stat.pickup.exnihilocreatio.item_ore_nickel":32,"stat.useItem.excompressum.compressed_hammer_stone":719,"stat.drop.tp.iron_cobblegen_block":2,"stat.deaths":2,"stat.useItem.extrautils2.compressedsand":64,"stat.drop":5,"stat.pickup.minecraft.egg":2,"stat.pickup.actuallyadditions.item_dust":31,"stat.playOneMinute":173278,"stat.pickup.thermalfoundation.glass_alloy":8,"stat.mineBlock.extrautils2.compressedsand":67,"stat.killEntity.Zombie":2,"stat.craftItem.minecraft.dye":24,"stat.pickup.petrock.stoneium":5,"stat.chestOpened":89,"stat.useItem.minecraft.stone":2,"stat.pickup.minecraft.gravel":1346,"stat.pickup.minecraft.arrow":2,"stat.useItem.extrautils2.compressedcobblestone":122,"stat.pickup.stonechest.part_cobblestone":1,"stat.useItem.minecraft.apple":4,"stat.pickup.extrautils2.compressedcobblestone":1,"stat.pickup.minecraft.gold_nugget":2,"stat.jump":914,"stat.useItem.minecraft.sand":98,"stat.pickup.minecraft.coal":7,"stat.fallOneCm":9578,"stat.pickup.minecraft.iron_ingot":1,"stat.useItem.tp.birthday_pickaxe":227,"stat.pickup.minecraft.gunpowder":54,"stat.crouchOneCm":26,"stat.craftItem.minecraft.chest":4,"stat.craftItem.minecraft.iron_ingot":27,"stat.craftItem.minecraft.torch":28,"stat.pickup.minecraft.dirt":1219,"stat.craftingTableInteraction":35,"stat.pickup.minecraft.iron_ore":1,"stat.drop.thermalfoundation.tool.hammer_invar":2,"stat.pickup.minecraft.cookie":6,"stat.damageTaken":1030,"stat.craftItem.minecraft.iron_bars":16,"stat.pickup.exnihilocreatio.item_ore_gold":33,"stat.pickup.minecraft.dye":95,"stat.pickup.mysticalagriculture.crafting":4,"stat.pickup.minecraft.planks":70,"stat.pickup.exnihilocreatio.item_ore_silver":47,"stat.mineBlock.minecraft.gravel":102,"stat.craftItem.extrautils2.compressedsand":64,"stat.damageDealt":429,"stat.craftItem.minecraft.glass":6,"stat.sleepInBed":1,"stat.mineBlock.minecraft.dirt":103,"stat.craftItem.minecraft.iron_sword":1,"stat.walkOneCm":392759,"stat.craftItem.excompressum.compressed_block":75,"stat.pickup.immersiveengineering.seed":2,"stat.useItem.minecraft.torch":12,"stat.mineBlock.exnihilocreatio.block_dust":1,"stat.useItem.minecraft.chest":2,"stat.mineBlock.extrautils2.compresseddirt":124,"stat.pickup.minecraft.crafting_table":1,"stat.useItem.minecraft.cobblestone":101,"stat.craftItem.minecraft.crafting_table":87,"stat.craftItem.extrautils2.compressedgravel":124,"stat.useItem.minecraft.gravel":98,"stat.craftItem.exnihilocreatio.item_ore_nickel":1,"stat.pickup.minecraft.log":4,"stat.pickup.botania.blacklotus":8,"stat.craftItem.exnihilocreatio.block_sieve":1,"stat.pickup.randomthings.timeinabottle":1,"stat.pickup.minecraft.stone":18,"stat.pickup.petrock.petrockspawn":1,"stat.mineBlock.minecraft.wool":34,"stat.pickup.minecraft.sapling":4,"stat.pickup.minecraft.apple":13,"stat.pickup.extrautils2.compresseddirt":1,"stat.pickup.minecraft.gold_ingot":1,"stat.craftItem.minecraft.planks":572,"stat.useItem.minecraft.iron_sword":2,"stat.craftItem.tp.cooked_apple":12,"stat.useItem.excompressum.compressed_block":1,"stat.mobKills":2,"stat.mineBlock.minecraft.log":4,"stat.pickup.storagedrawers.upgrade_storage":2,"stat.pickup.minecraft.diamond":3,"stat.mineBlock.minecraft.leaves":9,"stat.pickup.ftbquests.lootcrate":1,"stat.pickup.minecraft.red_flower":2,"stat.pickup.thaumcraft.brain":1,"stat.sneakTime":68,"stat.pickup.minecraft.wool":21,"stat.craftItem.exnihilocreatio.item_ore_silver":16,"stat.mineBlock.extrautils2.compressedgravel":125,"stat.pickup.minecraft.yellow_flower":2,"stat.mineBlock.minecraft.stone":233,"stat.useItem.extrautils2.compresseddirt":122,"stat.useItem.randomthings.timeinabottle":32}