{"stat.craftItem.minecraft.diamond_chestplate":2,"stat.pickup.immersiveengineering.ore":5,"stat.craftItem.excompressum.auto_sieve":1,"stat.pickup.minecraft.bone":17,"stat.pickup.minecraft.wooden_slab":1,"stat.craftItem.minecraft.diamond_leggings":1,"stat.leaveGame":6,"stat.mineBlock.minecraft.cobblestone":126,"stat.drop.extrautils2.machine":1,"stat.mineBlock.thaumcraft.ore_quartz":2,"stat.pickup.minecraft.flint":3,"stat.useItem.cyclicmagic.cyclic_wand_build":1,"stat.craftItem.excompressum.compressed_hammer_stone":9,"stat.useItem.chancecubes.chance_cube":9,"stat.craftItem.minecraft.diamond_helmet":2,"stat.pickup.exnihilocreatio.item_ore_lead":7,"stat.craftItem.extrautils2.compressedcobblestone":124,"stat.killEntity.PigZombie":2,"stat.mineBlock.extrautils2.compressedcobblestone":125,"stat.drop.randomthings.advanceditemcollector":1,"stat.swimOneCm":19313,"stat.mineBlock.minecraft.web":126,"stat.craftItem.exnihilocreatio.block_dust":252,"stat.mineBlock.immersiveengineering.ore":6,"stat.pickup.thermalexpansion.machine":3,"stat.drop.tp.bsc_iron_sword":4,"stat.mineBlock.gravestone.gravestone":2,"stat.useItem.minecraft.dirt":98,"stat.useItem.minecraft.cookie":27,"stat.useItem.minecraft.stone_slab2":82,"stat.pickup.harvestcraft.calamarirawitem":14,"stat.craftItem.avaritia.compressed_crafting_table":9,"stat.pickup.minecraft.bow":1,"stat.pickup.minecraft.iron_boots":1,"stat.useItem.minecraft.water_bucket":35,"stat.pickup.exnihilocreatio.block_dust":679,"stat.pickup.minecraft.rotten_flesh":3,"stat.pickup.actuallyadditions.item_helm_obsidian":1,"stat.pickup.minecraft.sand":1209,"stat.pickup.excompressum.compressed_block":9,"stat.craftItem.minecraft.furnace":2,"stat.craftItem.minecraft.lapis_block":64,"stat.pickup.thermalfoundation.ore":6,"stat.mineBlock.extrautils2.spike_iron":18,"stat.craftItem.minecraft.bone_block":3,"stat.useItem.minecraft.egg":1,"stat.pickup.minecraft.bucket":2,"stat.useItem.tp.bsc_iron_sword":26,"stat.pickup.exnihilocreatio.item_pebble":138,"stat.pickup.tp.cooked_apple":10,"stat.mineBlock.minecraft.obsidian":14,"stat.pickup.minecraft.cobblestone":1364,"stat.craftItem.tconstruct.casting":1,"stat.mineBlock.minecraft.carpet":96,"stat.useItem.exnihilocreatio.hammer_stone":147,"stat.craftItem.avaritia.double_compressed_crafting_table":1,"stat.craftItem.minecraft.stone_sword":1,"stat.flyOneCm":489260,"stat.pickup.minecraft.clay":18,"stat.pickup.minecraft.sandstone":3,"stat.pickup.actuallyadditions.item_booklet":1,"stat.mineBlock.minecraft.sand":102,"stat.craftItem.cyclicmagic.sprinkler":1,"stat.pickup.minecraft.fish":10,"stat.useItem.extrautils2.compressedgravel":122,"stat.craftItem.extrautils2.compresseddirt":124,"stat.craftItem.minecraft.wooden_slab":12,"stat.pickup.exnihilocreatio.item_ore_copper":11,"stat.pickup.minecraft.cactus":1,"stat.pickup.extrautils2.compressedgravel":1,"stat.pickup.cyclicmagic.cyclic_wand_build":1,"stat.pickup.minecraft.redstone":4,"stat.pickup.appliedenergistics2.fluix_block":4,"stat.craftItem.extrautils2.machine":8,"stat.pickup.thermalfoundation.upgrade":1,"stat.timeSinceDeath":304390,"stat.pickup.exnihilocreatio.hammer_stone":4,"stat.hopperInspected":4,"stat.useItem.minecraft.sign":4,"stat.pickup.hatchery.chickenmanure":20,"stat.pickup.projectred-core.resource_item":3,"stat.craftItem.minecraft.stonebrick":4,"stat.craftItem.minecraft.glass_pane":16,"stat.useItem.tp.cooked_apple":20,"stat.pickup.thermalfoundation.material":5,"stat.craftItem.tp.iron_cobblegen_block":1,"stat.pickup.quantumflux.graphitedust":1,"stat.furnaceInteraction":52,"stat.mineBlock.chancecubes.chance_cube":12,"stat.pickup.minecraft.carpet":101,"stat.mineBlock.minecraft.coal_ore":4,"stat.drop.cyclicmagic.sprinkler":1,"stat.pickup.actuallyadditions.item_solidified_experience":4,"stat.craftItem.tconstruct.soil":144,"stat.craftItem.thermalfoundation.material":13,"stat.pickup.minecraft.string":149,"stat.pickup.minecraft.sponge":1,"stat.craftItem.exnihilocreatio.hammer_stone":77,"stat.pickup.excompressum.compressed_hammer_stone":1,"stat.craftItem.minecraft.stone_slab2":0,"stat.pickup.exnihilocreatio.item_ore_aluminium":8,"stat.pickup.extrautils2.compressedsand":11,"stat.pickup.exnihilocreatio.item_ore_iron":29,"stat.killEntity.Squid":8,"stat.sprintOneCm":579759,"stat.craftItem.actuallyadditions.item_pants_obsidian":2,"stat.pickup.minecraft.iron_chestplate":1,"stat.pickup.minecraft.skull":2,"stat.pickup.exnihilocreatio.item_ore_osmium":1,"stat.craftItem.minecraft.stick":240,"stat.drop.cyclicmagic.magnet_block":1,"stat.drop.thermalfoundation.wrench":1,"stat.useItem.minecraft.stone_slab":1,"stat.pickup.chancecubes.chance_cube":17,"stat.pickup.exnihilocreatio.item_material":1,"stat.craftItem.minecraft.stone":60,"stat.mineBlock.minecraft.diamond_ore":1,"stat.pickup.tp.iron_cobblegen_block":1,"stat.useItem.minecraft.wheat_seeds":3,"stat.craftItem.minecraft.sand":261,"stat.useItem.tconstruct.casting":1,"stat.mineBlock.minecraft.crafting_table":1,"stat.pickup.exnihilocreatio.item_ore_nickel":36,"stat.useItem.excompressum.compressed_hammer_stone":719,"stat.pickup.minecraft.leather_leggings":1,"stat.pickup.cyclicmagic.tool_torch_launcher":1,"stat.useItem.minecraft.dye":393,"stat.drop.tp.iron_cobblegen_block":2,"stat.craftItem.exnihilocreatio.item_ore_lead":15,"stat.pickup.minecraft.spawn_egg":2,"stat.deaths":2,"stat.drop.randomthings.timeinabottle":1,"stat.useItem.extrautils2.compressedsand":64,"stat.drop":22,"stat.pickup.minecraft.egg":3,"stat.pickup.actuallyadditions.item_dust":31,"stat.playOneMinute":398278,"stat.pickup.minecraft.stone_button":1,"stat.drop.cyclicmagic.cyclic_wand_build":1,"stat.pickup.tp.bams_pizza":1,"stat.pickup.thermalfoundation.glass_alloy":8,"stat.pickup.randomthings.advanceditemcollector":1,"stat.mineBlock.extrautils2.compressedsand":67,"stat.killEntity.Zombie":3,"stat.craftItem.minecraft.dye":42,"stat.craftItem.exnihilocreatio.item_ore_copper":7,"stat.pickup.petrock.stoneium":5,"stat.mineBlock.thermalexpansion.machine":1,"stat.diveOneCm":2482,"stat.pickup.minecraft.wheat":15,"stat.chestOpened":248,"stat.pickup.thermalfoundation.wrench":2,"stat.useItem.tp.bams_pizza":1,"stat.craftItem.exnihilocreatio.item_ore_osmium":7,"stat.craftItem.minecraft.sign":6,"stat.useItem.thermalfoundation.wrench":1,"stat.pickup.minecraft.sign":1,"stat.useItem.minecraft.stone":2,"stat.pickup.tconstruct.casting":2,"stat.craftItem.appliedenergistics2.material":3,"stat.craftItem.chancecubes.chance_cube":7,"stat.pickup.minecraft.gravel":1348,"stat.pickup.minecraft.arrow":4,"stat.useItem.extrautils2.compressedcobblestone":122,"stat.pickup.stonechest.part_cobblestone":1,"stat.useItem.minecraft.apple":4,"stat.pickup.extrautils2.compressedcobblestone":1,"stat.drop.thermalcultivation.watering_can":1,"stat.pickup.minecraft.obsidian":14,"stat.useItem.exnihilocreatio.block_dust":1,"stat.pickup.minecraft.gold_nugget":2,"stat.pickup.exnihilocreatio.item_ore_tin":8,"stat.craftItem.thermalexpansion.machine":1,"stat.pickup.tconstruct.cast_custom":2,"stat.jump":2454,"stat.useItem.minecraft.sand":98,"stat.pickup.tp.birthday_pickaxe":1,"stat.pickup.minecraft.coal":9,"stat.pickup.minecraft.iron_helmet":2,"stat.fallOneCm":16475,"stat.pickup.minecraft.iron_ingot":3,"stat.useItem.tp.birthday_pickaxe":380,"stat.drop.minecraft.stone_sword":1,"stat.pickup.minecraft.gunpowder":54,"stat.crouchOneCm":1243,"stat.craftItem.minecraft.chest":9,"stat.craftItem.minecraft.iron_ingot":27,"stat.craftItem.minecraft.torch":28,"stat.pickup.tp.bsc_iron_sword":1,"stat.pickup.minecraft.dirt":1219,"stat.craftingTableInteraction":92,"stat.pickup.minecraft.iron_ore":1,"stat.drop.thermalfoundation.tool.hammer_invar":2,"stat.pickup.actuallyadditions.item_chest_obsidian":1,"stat.mineBlock.minecraft.lapis_ore":3,"stat.craftItem.exnihilocreatio.item_ore_iron":21,"stat.pickup.minecraft.cookie":49,"stat.drop.actuallyadditions.item_booklet":1,"stat.damageTaken":2011,"stat.craftItem.minecraft.iron_bars":16,"stat.mineBlock.minecraft.torch":10,"stat.useItem.minecraft.reeds":109,"stat.pickup.immersiveengineering.metal":6,"stat.pickup.excompressum.wood_chippings":38,"stat.craftItem.tconstruct.materials":49,"stat.craftItem.buildcraftcore.gear_iron":1,"stat.pickup.exnihilocreatio.item_ore_gold":39,"stat.pickup.minecraft.dye":833,"stat.pickup.mysticalagriculture.crafting":13,"stat.pickup.minecraft.planks":124,"stat.pickup.minecraft.reeds":248,"stat.pickup.minecraft.iron_leggings":1,"stat.pickup.exnihilocreatio.item_ore_silver":53,"stat.killEntity.CaveSpider":1,"stat.drop.chickens.colored_egg":1,"stat.pickup.minecraft.wheat_seeds":24,"stat.craftItem.tp.bsc_rod":4,"stat.mineBlock.minecraft.gravel":102,"stat.craftItem.extrautils2.compressedsand":93,"stat.mineBlock.minecraft.glass":2,"stat.useItem.minecraft.stone_sword":11,"stat.damageDealt":2131,"stat.craftItem.minecraft.glass":61,"stat.sleepInBed":1,"stat.useItem.plustic.laser_gun":1,"stat.craftItem.tp.bsc_iron_sword":4,"stat.mineBlock.minecraft.dirt":103,"stat.craftItem.tp.compressed_sugar_cane":4,"stat.craftItem.minecraft.iron_sword":1,"stat.craftItem.avaritia.resource":7,"stat.pickup.exnihilocreatio.item_mesh":1,"stat.craftItem.minecraft.stone_slab":18,"stat.walkOneCm":923936,"stat.craftItem.excompressum.compressed_block":75,"stat.pickup.immersiveengineering.seed":2,"stat.useItem.minecraft.torch":12,"stat.mineBlock.exnihilocreatio.block_dust":2,"stat.useItem.minecraft.chest":4,"stat.mineBlock.extrautils2.compresseddirt":124,"stat.pickup.minecraft.stick":1,"stat.pickup.minecraft.crafting_table":1,"stat.useItem.minecraft.log":16,"stat.useItem.minecraft.cobblestone":124,"stat.craftItem.minecraft.crafting_table":87,"stat.craftItem.extrautils2.compressedgravel":124,"stat.useItem.minecraft.gravel":98,"stat.useItem.minecraft.lava_bucket":1,"stat.craftItem.exnihilocreatio.item_ore_nickel":26,"stat.drop.thermalexpansion.machine":1,"stat.pickup.minecraft.log":5,"stat.pickup.botania.blacklotus":8,"stat.craftItem.minecraft.diamond_boots":2,"stat.craftItem.exnihilocreatio.block_sieve":1,"stat.pickup.randomthings.timeinabottle":2,"stat.craftItem.minecraft.gold_ingot":9,"stat.pickup.minecraft.stone":18,"stat.pickup.petrock.petrockspawn":1,"stat.mineBlock.minecraft.wool":34,"stat.pickup.minecraft.chicken":1,"stat.craftItem.minecraft.redstone":18,"stat.pickup.minecraft.sapling":4,"stat.pickup.roost.chicken":32,"stat.pickup.minecraft.apple":13,"stat.pickup.extrautils2.compresseddirt":1,"stat.pickup.minecraft.gold_ingot":8,"stat.killEntity.Skeleton":2,"stat.pickup.thermalcultivation.watering_can":1,"stat.mineBlock.minecraft.cactus":1,"stat.craftItem.minecraft.bucket":1,"stat.craftItem.minecraft.planks":572,"stat.useItem.minecraft.iron_sword":126,"stat.craftItem.exnihilocreatio.item_ore_tin":43,"stat.killEntity.Chicken":1,"stat.craftItem.tp.cooked_apple":12,"stat.pickup.extrautils2.spike_iron":6,"stat.mineBlock.minecraft.quartz_ore":1,"stat.pickup.minecraft.stone_sword":2,"stat.useItem.excompressum.compressed_block":1,"stat.mobKills":16,"stat.mineBlock.minecraft.log":20,"stat.pickup.minecraft.quartz":4,"stat.pickup.storagedrawers.upgrade_storage":2,"stat.pickup.cyclicmagic.magnet_block":1,"stat.craftItem.exnihilocreatio.item_ore_gold":11,"stat.pickup.minecraft.diamond":4,"stat.mineBlock.minecraft.leaves":9,"stat.pickup.ftbquests.lootcrate":2,"stat.pickup.minecraft.torch":12,"stat.craftItem.exnihilocreatio.item_ore_aluminium":19,"stat.pickup.minecraft.red_flower":2,"stat.craftItem.thermalexpansion.frame":1,"stat.pickup.thaumcraft.brain":1,"stat.mineBlock.minecraft.redstone_ore":1,"stat.sneakTime":1733,"stat.mineBlock.tconstruct.casting":1,"stat.pickup.minecraft.wool":21,"stat.pickup.exnihilocreatio.block_sieve":1,"stat.craftItem.exnihilocreatio.item_ore_silver":32,"stat.drop.minecraft.bucket":2,"stat.mineBlock.extrautils2.compressedgravel":125,"stat.pickup.minecraft.yellow_flower":2,"stat.craftItem.exnihilocreatio.item_mesh":4,"stat.mineBlock.minecraft.stone":312,"stat.mineBlock.exnihilocreatio.block_sieve":1,"stat.useItem.extrautils2.compresseddirt":122,"stat.useItem.randomthings.timeinabottle":38}