{"stat.chestOpened":12,"stat.walkOneCm":78992,"stat.mineBlock.exnihilocreatio.block_dust":1,"stat.leaveGame":4,"stat.pickup.minecraft.gravel":102,"stat.useItem.tp.cooked_apple":2,"stat.mineBlock.minecraft.cobblestone":102,"stat.useItem.minecraft.cobblestone":99,"stat.furnaceInteraction":4,"stat.useItem.minecraft.gravel":98,"stat.useItem.minecraft.apple":4,"stat.craftItem.excompressum.compressed_hammer_stone":3,"stat.pickup.minecraft.log":4,"stat.jump":128,"stat.fallOneCm":2804,"stat.craftItem.exnihilocreatio.hammer_stone":20,"stat.pickup.petrock.petrockspawn":1,"stat.crouchOneCm":3,"stat.mineBlock.gravestone.gravestone":1,"stat.pickup.minecraft.sapling":4,"stat.pickup.minecraft.dirt":101,"stat.useItem.minecraft.dirt":20,"stat.sprintOneCm":27563,"stat.useItem.minecraft.stone_slab2":12,"stat.pickup.minecraft.apple":8,"stat.craftItem.minecraft.stick":96,"stat.pickup.exnihilocreatio.block_dust":2,"stat.pickup.minecraft.sand":1,"stat.craftItem.minecraft.planks":48,"stat.craftItem.tp.cooked_apple":3,"stat.damageTaken":340,"stat.pickup.exnihilocreatio.item_pebble":2,"stat.useItem.excompressum.compressed_hammer_stone":197,"stat.pickup.minecraft.cobblestone":5,"stat.mineBlock.minecraft.log":4,"stat.useItem.exnihilocreatio.hammer_stone":12,"stat.flyOneCm":13797,"stat.deaths":1,"stat.mineBlock.minecraft.sand":1,"stat.mineBlock.minecraft.leaves":9,"stat.playOneMinute":52106,"stat.mineBlock.minecraft.gravel":102,"stat.sneakTime":24,"stat.timeSinceDeath":23255,"stat.pickup.exnihilocreatio.hammer_stone":1,"stat.hopperInspected":2,"stat.pickup.petrock.stoneium":5,"stat.mineBlock.minecraft.dirt":1,"stat.mineBlock.minecraft.stone":4}