{"stat.chestOpened":12,"stat.walkOneCm":138878,"stat.craftItem.excompressum.compressed_block":11,"stat.mineBlock.exnihilocreatio.block_dust":1,"stat.mineBlock.extrautils2.compresseddirt":64,"stat.leaveGame":4,"stat.pickup.minecraft.gravel":678,"stat.useItem.tp.cooked_apple":3,"stat.mineBlock.minecraft.cobblestone":102,"stat.useItem.extrautils2.compressedcobblestone":63,"stat.useItem.minecraft.cobblestone":99,"stat.furnaceInteraction":4,"stat.craftItem.minecraft.crafting_table":1,"stat.craftItem.extrautils2.compressedgravel":64,"stat.useItem.minecraft.gravel":98,"stat.useItem.minecraft.apple":4,"stat.craftItem.excompressum.compressed_hammer_stone":7,"stat.pickup.minecraft.log":4,"stat.craftItem.extrautils2.compressedcobblestone":64,"stat.mineBlock.extrautils2.compressedcobblestone":64,"stat.jump":283,"stat.useItem.minecraft.sand":98,"stat.fallOneCm":4716,"stat.craftItem.exnihilocreatio.hammer_stone":56,"stat.pickup.minecraft.gunpowder":7,"stat.pickup.petrock.petrockspawn":1,"stat.crouchOneCm":3,"stat.pickup.extrautils2.compressedsand":1,"stat.mineBlock.gravestone.gravestone":1,"stat.pickup.minecraft.sapling":4,"stat.pickup.minecraft.dirt":678,"stat.useItem.minecraft.dirt":98,"stat.sprintOneCm":50905,"stat.useItem.minecraft.stone_slab2":29,"stat.pickup.minecraft.apple":8,"stat.craftItem.minecraft.stick":96,"stat.craftingTableInteraction":6,"stat.pickup.exnihilocreatio.block_dust":561,"stat.pickup.minecraft.sand":678,"stat.craftItem.minecraft.planks":56,"stat.craftItem.tp.cooked_apple":3,"stat.damageTaken":440,"stat.pickup.exnihilocreatio.item_ore_nickel":4,"stat.pickup.exnihilocreatio.item_pebble":2,"stat.useItem.excompressum.compressed_hammer_stone":524,"stat.pickup.minecraft.cobblestone":5,"stat.mobKills":1,"stat.mineBlock.minecraft.log":4,"stat.pickup.exnihilocreatio.item_ore_gold":5,"stat.pickup.minecraft.dye":12,"stat.useItem.exnihilocreatio.hammer_stone":128,"stat.pickup.exnihilocreatio.item_ore_silver":4,"stat.flyOneCm":40656,"stat.deaths":1,"stat.useItem.extrautils2.compressedsand":63,"stat.mineBlock.minecraft.sand":102,"stat.mineBlock.minecraft.leaves":9,"stat.pickup.actuallyadditions.item_dust":4,"stat.playOneMinute":64706,"stat.mineBlock.minecraft.gravel":102,"stat.useItem.extrautils2.compressedgravel":63,"stat.craftItem.extrautils2.compressedsand":64,"stat.craftItem.extrautils2.compresseddirt":64,"stat.pickup.thaumcraft.brain":1,"stat.sneakTime":24,"stat.pickup.extrautils2.compressedgravel":1,"stat.damageDealt":193,"stat.mineBlock.extrautils2.compressedsand":52,"stat.killEntity.Zombie":1,"stat.mineBlock.extrautils2.compressedgravel":65,"stat.timeSinceDeath":35855,"stat.pickup.exnihilocreatio.hammer_stone":1,"stat.hopperInspected":2,"stat.pickup.petrock.stoneium":5,"stat.mineBlock.minecraft.dirt":102,"stat.mineBlock.minecraft.stone":4,"stat.useItem.extrautils2.compresseddirt":63}