{"stat.pickup.minecraft.wooden_slab":1,"stat.leaveGame":11,"stat.drop.extrautils2.machine":1,"stat.craftItem.excompressum.compressed_hammer_stone":9,"stat.useItem.chancecubes.chance_cube":37,"stat.killEntity.PigZombie":2,"stat.mineBlock.minecraft.web":126,"stat.drop.tp.bsc_iron_sword":4,"stat.mineBlock.gravestone.gravestone":6,"stat.pickup.harvestcraft.calamarirawitem":29,"stat.pickup.exnihilocreatio.block_dust":680,"stat.pickup.minecraft.rotten_flesh":30,"stat.pickup.excompressum.compressed_block":9,"stat.pickup.minecraft.bucket":6,"stat.killEntity.Enderman":27,"stat.craftItem.avaritia.double_compressed_crafting_table":1,"stat.pickup.exnihilocreatio.item_ore_copper":11,"stat.pickup.cyclicmagic.cyclic_wand_build":1,"stat.craftItem.harvestcraft.presser":1,"stat.pickup.appliedenergistics2.fluix_block":4,"stat.craftItem.extrautils2.machine":8,"stat.pickup.thermalfoundation.upgrade":2,"stat.pickup.harvestcraft.presser":1,"stat.craftItem.minecraft.glass_pane":16,"stat.pickup.thermalfoundation.material":9,"stat.craftItem.tp.iron_cobblegen_block":1,"stat.furnaceInteraction":52,"stat.mineBlock.chancecubes.chance_cube":47,"stat.useItem.minecraft.golden_carrot":6,"stat.pickup.minecraft.sponge":1,"stat.pickup.thermalfoundation.meter":2,"stat.drop.cyclicmagic.magnet_block":1,"stat.pickup.tp.iron_cobblegen_block":1,"stat.useItem.minecraft.wheat_seeds":3,"stat.pickup.cyclicmagic.tool_torch_launcher":1,"stat.useItem.minecraft.dye":562,"stat.drop.tp.iron_cobblegen_block":2,"stat.deaths":5,"stat.pickup.minecraft.egg":3,"stat.pickup.actuallyadditions.item_dust":31,"stat.craftItem.minecraft.item_frame":3,"stat.pickup.randomthings.advanceditemcollector":1,"stat.drop.tp.birthday_pickaxe":1,"stat.mineBlock.minecraft.tallgrass":1,"stat.mineBlock.thermalexpansion.machine":1,"stat.chestOpened":349,"stat.pickup.thermalfoundation.wrench":3,"stat.craftItem.minecraft.sign":6,"stat.useItem.minecraft.stone":2,"stat.pickup.minecraft.arrow":6,"stat.pickup.extrautils2.compressedcobblestone":1,"stat.drop.thermalcultivation.watering_can":1,"stat.pickup.minecraft.gold_nugget":66,"stat.pickup.tconstruct.cast_custom":2,"stat.drop.minecraft.stone_sword":1,"stat.crouchOneCm":19895,"stat.craftItem.minecraft.iron_ingot":27,"stat.drop.minecraft.slime_ball":1,"stat.craftingTableInteraction":97,"stat.useItem.minecraft.reeds":116,"stat.craftItem.buildcraftcore.gear_iron":1,"stat.pickup.exnihilocreatio.item_ore_gold":39,"stat.pickup.minecraft.dye":921,"stat.pickup.minecraft.planks":188,"stat.pickup.minecraft.wheat_seeds":24,"stat.mineBlock.minecraft.glass":5,"stat.pickup.cyclicmagic.water_candle":1,"stat.useItem.plustic.laser_gun":1,"stat.mineBlock.minecraft.dirt":115,"stat.craftItem.tp.compressed_sugar_cane":4,"stat.craftItem.avaritia.resource":7,"stat.pickup.exnihilocreatio.item_mesh":1,"stat.pickup.immersiveengineering.seed":2,"stat.mineBlock.extrautils2.compresseddirt":124,"stat.useItem.minecraft.cobblestone":500,"stat.useItem.minecraft.gravel":98,"stat.pickup.botania.blacklotus":8,"stat.craftItem.exnihilocreatio.block_sieve":1,"stat.pickup.randomthings.timeinabottle":6,"stat.craftItem.minecraft.gold_ingot":9,"stat.pickup.petrock.petrockspawn":1,"stat.pickup.minecraft.chicken":5,"stat.pickup.minecraft.tipped_arrow":10,"stat.pickup.minecraft.apple":22,"stat.pickup.extrautils2.compresseddirt":1,"stat.craftItem.minecraft.bucket":1,"stat.craftItem.minecraft.planks":656,"stat.useItem.minecraft.iron_sword":126,"stat.pickup.minecraft.stone_sword":2,"stat.useItem.excompressum.compressed_block":1,"stat.pickup.minecraft.book":3,"stat.mineBlock.minecraft.log":20,"stat.useItem.roost.chicken":4,"stat.craftItem.minecraft.paper":333,"stat.pickup.minecraft.red_flower":2,"stat.craftItem.thermalexpansion.frame":1,"stat.pickup.minecraft.wool":23,"stat.pickup.exnihilocreatio.block_sieve":1,"stat.pickup.harvestcraft.epicbaconitem":21,"stat.pickup.minecraft.tripwire_hook":3,"stat.craftItem.excompressum.auto_sieve":1,"stat.craftItem.minecraft.diamond_leggings":1,"stat.mineBlock.minecraft.cobblestone":184,"stat.pickup.minecraft.flint":3,"stat.useItem.cyclicmagic.cyclic_wand_build":1,"stat.drop.randomthings.advanceditemcollector":1,"stat.useItem.minecraft.snow":1,"stat.useItem.minecraft.cookie":27,"stat.useItem.minecraft.stone_slab2":125,"stat.craftItem.avaritia.compressed_crafting_table":9,"stat.pickup.minecraft.bow":1,"stat.pickup.minecraft.iron_boots":1,"stat.craftItem.minecraft.furnace":2,"stat.craftItem.minecraft.lapis_block":74,"stat.pickup.thermalfoundation.ore":10,"stat.useItem.minecraft.egg":1,"stat.pickup.tp.cooked_apple":10,"stat.mineBlock.minecraft.obsidian":14,"stat.pickup.minecraft.diamond_leggings":4,"stat.useItem.exnihilocreatio.hammer_stone":147,"stat.flyOneCm":734207,"stat.pickup.minecraft.sandstone":3,"stat.pickup.actuallyadditions.item_booklet":1,"stat.pickup.minecraft.fish":30,"stat.useItem.extrautils2.compressedgravel":122,"stat.timeSinceDeath":109081,"stat.killEntity.Bat":1,"stat.pickup.hatchery.chickenmanure":21,"stat.craftItem.minecraft.stonebrick":4,"stat.mineBlock.minecraft.enchanting_table":1,"stat.mineBlock.minecraft.coal_ore":4,"stat.killEntity.Creeper":2,"stat.talkedToVillager":9,"stat.pickup.minecraft.string":174,"stat.pickup.excompressum.compressed_hammer_stone":1,"stat.mineBlock.harvestcraft.presser":1,"stat.useItem.minecraft.written_book":4,"stat.killEntity.Squid":8,"stat.sprintOneCm":853002,"stat.mineBlock.minecraft.diamond_ore":1,"stat.pickup.minecraft.leather_leggings":1,"stat.pickup.minecraft.spawn_egg":13,"stat.craftItem.minecraft.emerald":4,"stat.mineBlock.extrautils2.compressedsand":67,"stat.killEntity.Zombie":7,"stat.craftItem.minecraft.dye":42,"stat.pickup.minecraft.fire_charge":1,"stat.diveOneCm":21038,"stat.pickup.minecraft.wheat":15,"stat.pickup.extrautils2.machine":2,"stat.craftItem.exnihilocreatio.item_ore_osmium":7,"stat.pickup.minecraft.sign":4,"stat.pickup.minecraft.obsidian":16,"stat.craftItem.thermalexpansion.machine":1,"stat.useItem.minecraft.rotten_flesh":3,"stat.jump":4123,"stat.useItem.minecraft.sand":112,"stat.pickup.tp.birthday_pickaxe":4,"stat.pickup.minecraft.coal":9,"stat.pickup.minecraft.iron_ingot":3,"stat.pickup.minecraft.gunpowder":61,"stat.craftItem.minecraft.torch":48,"stat.mineBlock.chancecubes.giant_chance_cube":3,"stat.pickup.minecraft.dirt":1230,"stat.drop.thermalfoundation.tool.hammer_invar":2,"stat.mineBlock.minecraft.lapis_ore":3,"stat.pickup.minecraft.cookie":49,"stat.damageTaken":4302,"stat.drop.botania.specialflower":1,"stat.mineBlock.minecraft.torch":15,"stat.pickup.minecraft.written_book":4,"stat.pickup.immersiveengineering.metal":6,"stat.tradedWithVillager":5,"stat.pickup.minecraft.magma_cream":4,"stat.pickup.minecraft.rabbit_hide":8,"stat.craftItem.extrautils2.compressedsand":93,"stat.killEntity.Silverfish":10,"stat.craftItem.minecraft.stone_slab":18,"stat.useItem.minecraft.chest":7,"stat.useItem.minecraft.lava_bucket":1,"stat.pickup.minecraft.rabbit_foot":3,"stat.shulkerBoxOpened":1,"stat.pickup.minecraft.ender_pearl":11,"stat.useItem.minecraft.netherrack":2,"stat.useItem.chancecubes.compact_giant_chance_cube":2,"stat.pickup.thermalcultivation.watering_can":1,"stat.craftItem.minecraft.bookshelf":22,"stat.pickup.extrautils2.drum":6,"stat.craftItem.tp.cooked_apple":12,"stat.pickup.harvestcraft.queenbeeitem":1,"stat.mobKills":173,"stat.pickup.minecraft.diamond_boots":4,"stat.mineBlock.minecraft.bookshelf":1,"stat.drop.minecraft.written_book":1,"stat.craftItem.exnihilocreatio.item_ore_gold":11,"stat.useItem.minecraft.boat":1,"stat.pickup.minecraft.diamond":5,"stat.pickup.ftbquests.lootcrate":21,"stat.pickup.minecraft.torch":100,"stat.craftItem.exnihilocreatio.item_ore_aluminium":19,"stat.pickup.thaumcraft.brain":2,"stat.craftItem.exnihilocreatio.item_ore_silver":32,"stat.pickup.mekanism.cardboardbox":4,"stat.mineBlock.exnihilocreatio.block_sieve":1,"stat.useItem.extrautils2.compresseddirt":122,"stat.useItem.randomthings.timeinabottle":38,"stat.mineBlock.thaumcraft.ore_quartz":2,"stat.useItem.minecraft.bookshelf":17,"stat.pickup.minecraft.lapis_block":98,"stat.mineBlock.extrautils2.compressedcobblestone":125,"stat.pickup.minecraft.fishing_rod":1,"stat.craftItem.exnihilocreatio.block_dust":252,"stat.mineBlock.immersiveengineering.ore":6,"stat.pickup.minecraft.porkchop":4,"stat.useItem.minecraft.water_bucket":44,"stat.useItem.harvestcraft.calamarirawitem":1,"stat.pickup.minecraft.sand":1229,"stat.useItem.tp.bsc_iron_sword":419,"stat.pickup.exnihilocreatio.item_pebble":144,"stat.pickup.thermalfoundation.security":4,"stat.craftItem.tconstruct.casting":1,"stat.craftItem.minecraft.stone_sword":1,"stat.useItem.minecraft.ender_pearl":1,"stat.mineBlock.minecraft.sand":105,"stat.craftItem.cyclicmagic.sprinkler":1,"stat.hopperInspected":7,"stat.pickup.chancecubes.compact_giant_chance_cube":3,"stat.pickup.projectred-core.resource_item":3,"stat.useItem.tp.cooked_apple":20,"stat.pickup.quantumflux.graphitedust":1,"stat.pickup.actuallyadditions.item_solidified_experience":10,"stat.craftItem.thermalfoundation.material":13,"stat.pickup.chickens.colored_egg":1,"stat.pickup.extrautils2.compressedsand":19,"stat.pickup.exnihilocreatio.item_ore_iron":29,"stat.pickup.minecraft.iron_chestplate":1,"stat.pickup.minecraft.skull":6,"stat.pickup.exnihilocreatio.item_ore_osmium":1,"stat.pickup.chancecubes.chance_cube":58,"stat.craftItem.minecraft.sand":261,"stat.pickup.minecraft.golden_carrot":42,"stat.pickup.exnihilocreatio.item_ore_nickel":36,"stat.mineBlock.minecraft.soul_sand":2,"stat.craftItem.exnihilocreatio.item_ore_lead":15,"stat.drop.randomthings.timeinabottle":1,"stat.playOneMinute":562343,"stat.pickup.tp.bams_pizza":1,"stat.pickup.thermalfoundation.glass_alloy":8,"stat.pickup.minecraft.iron_bars":2,"stat.pickup.minecraft.dispenser":3,"stat.pickup.minecraft.netherrack":150,"stat.pickup.minecraft.pumpkin":1,"stat.pickup.tconstruct.casting":2,"stat.craftItem.appliedenergistics2.material":3,"stat.mineBlock.minecraft.netherrack":101,"stat.fallOneCm":30135,"stat.craftItem.minecraft.enchanted_book":1,"stat.craftItem.minecraft.chest":13,"stat.pickup.actuallyadditions.item_chest_obsidian":1,"stat.pickup.minecraft.record_cat":1,"stat.pickup.excompressum.wood_chippings":38,"stat.useItem.harvestcraft.epicbaconitem":4,"stat.pickup.minecraft.slime":9,"stat.craftItem.tconstruct.materials":49,"stat.pickup.betterbuilderswands.wandstone":1,"stat.pickup.minecraft.iron_leggings":1,"stat.drop.chickens.colored_egg":2,"stat.craftItem.tp.bsc_rod":4,"stat.pickup.minecraft.lead":1,"stat.mineBlock.minecraft.gravel":102,"stat.useItem.minecraft.stone_sword":11,"stat.killEntity.Rabbit":7,"stat.craftItem.tp.bsc_iron_sword":4,"stat.useItem.chickens.colored_egg":1,"stat.useItem.minecraft.torch":79,"stat.mineBlock.exnihilocreatio.block_dust":2,"stat.pickup.minecraft.crafting_table":1,"stat.useItem.minecraft.log":16,"stat.craftItem.minecraft.crafting_table":88,"stat.craftItem.extrautils2.compressedgravel":124,"stat.craftItem.minecraft.boat":1,"stat.killEntity.LavaSlime":92,"stat.drop.thermalexpansion.machine":1,"stat.pickup.minecraft.log":5,"stat.drop.quantumflux.craftingpiece":1,"stat.pickup.minecraft.web":2,"stat.pickup.minecraft.sapling":4,"stat.pickup.roost.chicken":32,"stat.pickup.minecraft.diamond_helmet":4,"stat.pickup.extrautils2.spike_iron":12,"stat.pickup.cyclicmagic.magnet_block":1,"stat.craftItem.harvestcraft.apiary":2,"stat.sneakTime":9349,"stat.pickup.minecraft.rabbit":5,"stat.drop.minecraft.bucket":2,"stat.mineBlock.extrautils2.compressedgravel":125,"stat.pickup.minecraft.yellow_flower":2,"stat.craftItem.minecraft.diamond_chestplate":2,"stat.pickup.immersiveengineering.ore":7,"stat.pickup.minecraft.bone":20,"stat.mineBlock.minecraft.slime":9,"stat.craftItem.minecraft.diamond_helmet":2,"stat.pickup.exnihilocreatio.item_ore_lead":7,"stat.craftItem.extrautils2.compressedcobblestone":124,"stat.swimOneCm":41342,"stat.pickup.thermalexpansion.machine":3,"stat.useItem.minecraft.dirt":98,"stat.pickup.minecraft.golden_helmet":3,"stat.pickup.botania.terrasteelchest":1,"stat.pickup.actuallyadditions.item_helm_obsidian":1,"stat.mineBlock.extrautils2.spike_iron":18,"stat.craftItem.minecraft.bone_block":3,"stat.pickup.minecraft.enchanting_table":1,"stat.pickup.minecraft.cobblestone":4382,"stat.mineBlock.minecraft.carpet":96,"stat.pickup.minecraft.clay":18,"stat.pickup.minecraft.soul_sand":3,"stat.craftItem.extrautils2.compresseddirt":124,"stat.craftItem.minecraft.wooden_slab":12,"stat.pickup.minecraft.cactus":1,"stat.pickup.extrautils2.compressedgravel":1,"stat.pickup.minecraft.redstone":5,"stat.craftItem.minecraft.book":64,"stat.pickup.exnihilocreatio.hammer_stone":4,"stat.useItem.minecraft.sign":4,"stat.pickup.minecraft.carpet":101,"stat.drop.cyclicmagic.sprinkler":1,"stat.craftItem.tconstruct.soil":144,"stat.craftItem.exnihilocreatio.hammer_stone":77,"stat.craftItem.minecraft.stone_slab2":0,"stat.pickup.exnihilocreatio.item_ore_aluminium":8,"stat.craftItem.actuallyadditions.item_pants_obsidian":2,"stat.pickup.minecraft.paper":5,"stat.craftItem.minecraft.stick":304,"stat.drop.thermalfoundation.wrench":1,"stat.useItem.minecraft.stone_slab":1,"stat.pickup.exnihilocreatio.item_material":1,"stat.craftItem.minecraft.stone":60,"stat.useItem.tconstruct.casting":1,"stat.mineBlock.minecraft.crafting_table":1,"stat.useItem.excompressum.compressed_hammer_stone":719,"stat.pickup.minecraft.diamond_chestplate":8,"stat.useItem.extrautils2.compressedsand":64,"stat.drop":29,"stat.useItem.thermalfoundation.tool.hammer_invar":22,"stat.pickup.minecraft.stone_button":1,"stat.drop.cyclicmagic.cyclic_wand_build":1,"stat.pickup.minecraft.slime_ball":2,"stat.craftItem.exnihilocreatio.item_ore_copper":7,"stat.pickup.petrock.stoneium":5,"stat.craftItem.minecraft.piston":2,"stat.useItem.tp.bams_pizza":1,"stat.killEntity.BrainyZombie":1,"stat.useItem.thermalfoundation.wrench":1,"stat.craftItem.chancecubes.chance_cube":12,"stat.pickup.minecraft.gravel":1348,"stat.useItem.extrautils2.compressedcobblestone":122,"stat.killEntity.Slime":3,"stat.pickup.stonechest.part_cobblestone":1,"stat.useItem.minecraft.apple":21,"stat.useItem.exnihilocreatio.block_dust":1,"stat.pickup.exnihilocreatio.item_ore_tin":8,"stat.mineBlock.mekanism.cardboardbox":4,"stat.pickup.minecraft.iron_helmet":2,"stat.useItem.tp.birthday_pickaxe":1113,"stat.pickup.minecraft.spider_eye":1,"stat.pickup.tp.bsc_iron_sword":5,"stat.useItem.minecraft.cooked_chicken":37,"stat.pickup.minecraft.iron_ore":1,"stat.pickup.minecraft.snow":2,"stat.boatOneCm":1011,"stat.craftItem.exnihilocreatio.item_ore_iron":21,"stat.drop.actuallyadditions.item_booklet":1,"stat.craftItem.minecraft.iron_bars":16,"stat.pickup.minecraft.leather":2,"stat.pickup.mysticalagriculture.crafting":26,"stat.pickup.minecraft.reeds":578,"stat.pickup.exnihilocreatio.item_ore_silver":53,"stat.killEntity.CaveSpider":7,"stat.damageDealt":15767,"stat.craftItem.minecraft.glass":61,"stat.sleepInBed":1,"stat.craftItem.minecraft.iron_sword":1,"stat.walkOneCm":1490833,"stat.craftItem.excompressum.compressed_block":75,"stat.pickup.minecraft.stick":1,"stat.pickup.quantumflux.craftingpiece":3,"stat.craftItem.exnihilocreatio.item_ore_nickel":26,"stat.craftItem.minecraft.diamond_boots":2,"stat.pickup.minecraft.stone":18,"stat.mineBlock.minecraft.wool":34,"stat.craftItem.minecraft.redstone":18,"stat.pickup.actuallyadditions.item_spawner_changer":1,"stat.pickup.minecraft.gold_ingot":32,"stat.killEntity.Skeleton":3,"stat.mineBlock.minecraft.cactus":1,"stat.craftItem.exnihilocreatio.item_ore_tin":43,"stat.killEntity.Chicken":1,"stat.killEntity.Spider":2,"stat.mineBlock.minecraft.quartz_ore":1,"stat.pickup.minecraft.quartz":4,"stat.pickup.storagedrawers.upgrade_storage":2,"stat.drop.chancecubes.compact_giant_chance_cube":1,"stat.pickup.minecraft.water_bucket":2,"stat.mineBlock.minecraft.leaves":9,"stat.mineBlock.minecraft.redstone_ore":1,"stat.mineBlock.tconstruct.casting":1,"stat.pickup.minecraft.lava_bucket":2,"stat.craftItem.exnihilocreatio.item_mesh":4,"stat.mineBlock.minecraft.stone":976}