{"stat.chestOpened":11,"stat.useItem.minecraft.cooked_rabbit":5,"stat.killEntity.Bat":2,"stat.walkOneCm":65632,"stat.pickup.hatchery.chickenmanure":2,"stat.killEntity.BrainyZombie":1,"stat.craftItem.minecraft.cooked_rabbit":8,"stat.pickup.thermalfoundation.tool.hammer_invar":2,"stat.pickup.thermalfoundation.material":12,"stat.pickup.plustic.laser_gun":2,"stat.mineBlock.chancecubes.chance_cube":8,"stat.furnaceInteraction":10,"stat.useItem.minecraft.apple":4,"stat.pickup.minecraft.rabbit_foot":12,"stat.useItem.chancecubes.chance_cube":7,"stat.pickup.minecraft.redstone_block":27,"stat.jump":328,"stat.fallOneCm":2537,"stat.pickup.minecraft.tnt":3,"stat.drop.minecraft.cobblestone":100,"stat.entityKilledBy.Skeleton":1,"stat.craftItem.minecraft.stone_slab2":0,"stat.useItem.minecraft.rabbit":4,"stat.crouchOneCm":425,"stat.pickup.extrautils2.compressedsand":12,"stat.mineBlock.gravestone.gravestone":2,"stat.sprintOneCm":57748,"stat.useItem.minecraft.stone_slab2":5,"stat.pickup.minecraft.skull":1,"stat.pickup.minecraft.rotten_flesh":2,"stat.pickup.cyclicmagic.ender_pearl_mounted":2,"stat.mineBlock.minecraft.tnt":8,"stat.pickup.chancecubes.chance_cube":3,"stat.useItem.minecraft.egg":3,"stat.damageTaken":355,"stat.pickup.minecraft.leather":1,"stat.drop.hatchery.chickenmanure":2,"stat.pickup.exnihilocreatio.item_pebble":107,"stat.useItem.thermalinnovation.drill":1,"stat.mobKills":24,"stat.pickup.minecraft.cobblestone":100,"stat.pickup.cyclicmagic.tool_torch_launcher":2,"stat.pickup.mysticalagriculture.crafting":18,"stat.mineBlock.minecraft.redstone_block":9,"stat.flyOneCm":68092,"stat.deaths":2,"stat.useItem.thermalfoundation.tool.hammer_invar":3,"stat.drop":4,"stat.pickup.ftbquests.lootcrate":1,"stat.playOneMinute":18916,"stat.pickup.minecraft.rabbit_hide":36,"stat.pickup.minecraft.torch":1,"stat.mineBlock.minecraft.glass":4,"stat.pickup.thaumcraft.brain":1,"stat.sneakTime":132,"stat.pickup.minecraft.wool":5,"stat.pickup.minecraft.rabbit":31,"stat.killEntity.Rabbit":20,"stat.damageDealt":1268,"stat.useItem.minecraft.wool":4,"stat.timeSinceDeath":7521,"stat.craftItem.minecraft.cobblestone":5,"stat.mineBlock.minecraft.stone":100}