{"stat.useItem.minecraft.bow":1,"stat.pickup.minecraft.wooden_slab":1,"stat.leaveGame":3,"stat.useItem.chancecubes.chance_cube":53,"stat.mineBlock.minecraft.sandstone":3,"stat.killEntity.PigZombie":8,"stat.craftItem.minecraft.string":2,"stat.drop.exnihilocreatio.item_pebble":8,"stat.mineBlock.minecraft.web":84,"stat.entityKilledBy.PigZombie":1,"stat.mineBlock.gravestone.gravestone":6,"stat.pickup.harvestcraft.calamarirawitem":21,"stat.pickup.minecraft.rotten_flesh":8,"stat.pickup.exnihilocreatio.block_dust":1,"stat.pickup.minecraft.bucket":4,"stat.killEntity.Enderman":7,"stat.mineBlock.minecraft.wooden_slab":1,"stat.pickup.integrateddynamics.menril_sapling":7,"stat.killEntity.Witch":1,"stat.pickup.exnihilocreatio.item_ore_copper":27,"stat.craftItem.excompressum.bait":2,"stat.useItem.exnihilocreatio.item_material":3,"stat.pickup.excompressum.heavy_sieve":2,"stat.drop.immersiveengineering.seed":1,"stat.pickup.enderio.item_basic_capacitor":2,"stat.pickup.thermalfoundation.material":20,"stat.mineBlock.chancecubes.chance_cube":52,"stat.furnaceInteraction":20,"stat.drop.minecraft.gravel":5,"stat.useItem.chickens.spawn_egg":1,"stat.pickup.minecraft.sponge":2,"stat.craftItem.roost.breeder":25,"stat.pickup.buildinggadgets.constructionpastecontainert3":2,"stat.pickup.minecraft.hay_block":8,"stat.useItem.exnihilocreatio.item_cooked_silkworm":1,"stat.pickup.thermalfoundation.meter":1,"stat.useItem.minecraft.fence":19,"stat.mineBlock.minecraft.fence":1,"stat.useItem.minecraft.wheat_seeds":104,"stat.pickup.minecraft.emerald":2,"stat.pickup.cyclicmagic.tool_torch_launcher":11,"stat.deaths":6,"stat.pickup.minecraft.egg":15,"stat.pickup.exnihilocreatio.hammer_diamond":4,"stat.pickup.draconicevolution.draconium_ingot":6,"stat.mineBlock.minecraft.tallgrass":42,"stat.chestOpened":270,"stat.useItem.minecraft.cooked_rabbit":8,"stat.pickup.thermalfoundation.wrench":1,"stat.craftItem.roost.roost":18,"stat.pickup.minecraft.arrow":2,"stat.pickup.extrautils2.compressedcobblestone":7,"stat.drop.thermalcultivation.watering_can":2,"stat.pickup.minecraft.gold_nugget":6,"stat.useItem.roost.breeder":9,"stat.pickup.minecraft.carrot":4,"stat.useItem.minecraft.rabbit":5,"stat.crouchOneCm":39856,"stat.pickup.bonsaitrees.bonsaipot":2,"stat.drop.tp.bams_pizza":1,"stat.craftItem.minecraft.hopper":24,"stat.craftingTableInteraction":12,"stat.pickup.extrautils2.spike_stone":2,"stat.craftItem.draconicevolution.draconic_core":12,"stat.pickup.minecraft.dye":2261,"stat.pickup.minecraft.planks":8,"stat.pickup.minecraft.wheat_seeds":686,"stat.pickup.enderio.item_material":11,"stat.mineBlock.roost.breeder":6,"stat.drop.extrautils2.spike_stone":1,"stat.drop.actuallyadditions.item_rice_seed":1,"stat.mineBlock.minecraft.glass":6,"stat.craftItem.roost.catcher":2,"stat.drop.minecraft.carpet":384,"stat.drop.enderio.item_material":5,"stat.mineBlock.minecraft.dirt":5,"stat.pickup.minecraft.poisonous_potato":2,"stat.pickup.exnihilocreatio.item_mesh":7,"stat.drop.minecraft.paper":51,"stat.pickup.immersiveengineering.seed":2,"stat.drop.minecraft.rotten_flesh":3,"stat.useItem.minecraft.cobblestone":532,"stat.useItem.minecraft.gravel":64,"stat.pickup.randomthings.timeinabottle":3,"stat.pickup.minecraft.hopper":6,"stat.pickup.minecraft.chicken":142,"stat.mineBlock.minecraft.silver_shulker_box":1,"stat.pickup.minecraft.tipped_arrow":196,"stat.drop.minecraft.gold_nugget":2,"stat.pickup.minecraft.apple":3,"stat.pickup.minecraft.end_stone":8,"stat.drop.minecraft.fish":1,"stat.craftItem.minecraft.bucket":3,"stat.craftItem.minecraft.planks":1172,"stat.pickup.extrautils2.filter":2,"stat.useItem.roost.chicken":155,"stat.craftItem.minecraft.paper":69,"stat.pickup.minecraft.red_flower":1,"stat.pickup.minecraft.wool":110,"stat.pickup.exnihilocreatio.block_sieve":2,"stat.craftItem.minecraft.cobblestone":5,"stat.pickup.harvestcraft.epicbaconitem":26,"stat.cakeSlicesEaten":4,"stat.pickup.minecraft.tripwire_hook":17,"stat.craftItem.minecraft.cooked_rabbit":8,"stat.craftItem.minecraft.diamond_leggings":4,"stat.pickup.minecraft.bookshelf":2,"stat.useItem.minecraft.iron_axe":8,"stat.drop.thermalinnovation.drill":1,"stat.mineBlock.minecraft.cobblestone":252,"stat.mineBlock.minecraft.pumpkin":1,"stat.pickup.minecraft.flint":737,"stat.mineBlock.minecraft.yellow_flower":5,"stat.drop.thermalfoundation.material":1,"stat.craftItem.minecraft.wool":66,"stat.craftItem.minecraft.clock":4,"stat.drop.roost.catcher":2,"stat.drop.minecraft.cobblestone":1033,"stat.pickup.chickens.spawn_egg":2,"stat.useItem.minecraft.cookie":15,"stat.mineBlock.ironchest.iron_chest":1,"stat.useItem.minecraft.stone_slab2":221,"stat.pickup.minecraft.bow":2,"stat.pickup.minecraft.iron_boots":2,"stat.craftItem.minecraft.lapis_block":64,"stat.pickup.thermalfoundation.ore":7,"stat.craftItem.exnihilocreatio.hammer_diamond":1,"stat.useItem.minecraft.egg":7,"stat.craftItem.minecraft.iron_boots":1,"stat.mineBlock.minecraft.obsidian":47,"stat.useItem.tp.emerald_spear":252,"stat.pickup.minecraft.diamond_leggings":1,"stat.flyOneCm":1853385,"stat.drop.minecraft.iron_helmet":1,"stat.pickup.actuallyadditions.item_booklet":3,"stat.pickup.minecraft.fish":4,"stat.timeSinceDeath":61821,"stat.pickup.fluidcows.cow_halter":6,"stat.killEntity.Bat":4,"stat.pickup.hatchery.chickenmanure":133,"stat.useItem.minecraft.potato":2,"stat.craftItem.actuallyadditions.item_chest_obsidian":2,"stat.pickup.minecraft.nether_wart":4,"stat.pickup.plustic.laser_gun":4,"stat.mineBlock.minecraft.coal_ore":5,"stat.pickup.extrautils2.ingredients":2,"stat.talkedToVillager":2,"stat.pickup.minecraft.string":363,"stat.entityKilledBy.Skeleton":1,"stat.craftItem.tconstruct.tooltables":2,"stat.killEntity.Squid":15,"stat.sprintOneCm":959324,"stat.pickup.cyclicmagic.ender_pearl_mounted":2,"stat.pickup.extrautils2.passivegenerator":2,"stat.mineBlock.minecraft.diamond_ore":3,"stat.pickup.minecraft.spawn_egg":3,"stat.pickup.tp.emerald_chestplate":2,"stat.craftItem.minecraft.emerald":1,"stat.killEntity.Zombie":2,"stat.craftItem.minecraft.dye":129,"stat.diveOneCm":20112,"stat.pickup.minecraft.wheat":553,"stat.pickup.minecraft.sign":1,"stat.useItem.minecraft.chicken":20,"stat.craftItem.harvestcraft.market":1,"stat.pickup.minecraft.obsidian":71,"stat.useItem.minecraft.rotten_flesh":11,"stat.jump":7545,"stat.useItem.minecraft.sand":4,"stat.pickup.tp.birthday_pickaxe":5,"stat.pickup.minecraft.coal":4,"stat.pickup.minecraft.iron_ingot":64,"stat.mineBlock.roost.roost":6,"stat.pickup.minecraft.dirt":765,"stat.drop.thermalfoundation.tool.hammer_invar":1,"stat.mineBlock.minecraft.lapis_ore":2,"stat.pickup.actuallyadditions.item_flax_seed":5,"stat.pickup.minecraft.cookie":30,"stat.pickup.minecraft.iron_axe":2,"stat.damageTaken":3028,"stat.mineBlock.minecraft.torch":17,"stat.mineBlock.minecraft.red_flower":2,"stat.pickup.minecraft.written_book":1,"stat.tradedWithVillager":1,"stat.useItem.thaumcraft.brain":1,"stat.pickup.exnihilocreatio.item_seed_potato":2,"stat.pickup.minecraft.potato":29,"stat.pickup.minecraft.rabbit_hide":43,"stat.pickup.thermalexpansion.reservoir":5,"stat.killEntity.Silverfish":25,"stat.useItem.hatchery.chickenmanure":31,"stat.useItem.minecraft.chest":1,"stat.drop.minecraft.wheat":119,"stat.useItem.minecraft.lava_bucket":60,"stat.pickup.minecraft.rabbit_foot":13,"stat.shulkerBoxOpened":3,"stat.craftItem.minecraft.iron_chestplate":1,"stat.pickup.minecraft.ender_pearl":8,"stat.useItem.minecraft.netherrack":61,"stat.pickup.thermalcultivation.watering_can":3,"stat.mineBlock.minecraft.tnt":10,"stat.pickup.extrautils2.drum":3,"stat.pickup.tp.emerald_spear":2,"stat.mobKills":249,"stat.pickup.minecraft.diamond_boots":1,"stat.pickup.minecraft.diamond":2,"stat.pickup.minecraft.beetroot_seeds":7,"stat.pickup.minecraft.iron_horse_armor":3,"stat.pickup.ftbquests.lootcrate":18,"stat.pickup.minecraft.torch":63,"stat.pickup.thaumcraft.brain":2,"stat.drop.exnihilocreatio.item_mesh":3,"stat.pickup.roost.roost":14,"stat.pickup.mekanism.cardboardbox":4,"stat.mineBlock.exnihilocreatio.block_sieve":2,"stat.useItem.randomthings.timeinabottle":436,"stat.useItem.minecraft.string":1,"stat.useItem.botania.livingwoodbow":3,"stat.drop.extrautils2.filter":2,"stat.mineBlock.thaumcraft.ore_quartz":1,"stat.useItem.extrautils2.spike_iron":1,"stat.craftItem.minecraft.iron_axe":1,"stat.killEntity.Blaze":2,"stat.useItem.minecraft.poisonous_potato":1,"stat.mineBlock.extrautils2.compressedcobblestone":3,"stat.useItem.minecraft.planks":6,"stat.pickup.minecraft.glowstone_dust":2,"stat.mineBlock.immersiveengineering.ore":3,"stat.pickup.minecraft.glass":5,"stat.useItem.minecraft.water_bucket":148,"stat.useItem.harvestcraft.calamarirawitem":11,"stat.drop.minecraft.poisonous_potato":1,"stat.pickup.minecraft.sand":153,"stat.drop.hatchery.chickenmanure":3,"stat.useItem.tp.bsc_iron_sword":243,"stat.pickup.exnihilocreatio.item_pebble":592,"stat.useItem.minecraft.ender_pearl":1,"stat.mineBlock.minecraft.sand":2,"stat.hopperInspected":12,"stat.drop.minecraft.diamond":3,"stat.useItem.minecraft.spawn_egg":2,"stat.pickup.chancecubes.compact_giant_chance_cube":2,"stat.craftItem.actuallyadditions.item_helm_obsidian":2,"stat.drop.harvestcraft.epicbaconitem":1,"stat.craftItem.thermalcultivation.watering_can":1,"stat.pickup.actuallyadditions.item_solidified_experience":44,"stat.pickup.chickens.colored_egg":2,"stat.pickup.extrautils2.compressedsand":12,"stat.pickup.exnihilocreatio.item_ore_iron":14,"stat.pickup.minecraft.iron_chestplate":1,"stat.pickup.minecraft.skull":7,"stat.pickup.exnihilocreatio.item_ore_osmium":12,"stat.pickup.chancecubes.chance_cube":71,"stat.craftItem.ironchest.iron_chest":36,"stat.pickup.minecraft.pumpkin_seeds":6,"stat.drop.minecraft.iron_horse_armor":1,"stat.pickup.exnihilocreatio.item_ore_nickel":2,"stat.useItem.minecraft.hopper":35,"stat.useItem.roost.roost":25,"stat.mineBlock.minecraft.soul_sand":6,"stat.pickup.ironchest.iron_chest":1,"stat.drop.randomthings.timeinabottle":2,"stat.pickup.cyclicmagic.entity_detector":1,"stat.playOneMinute":464855,"stat.pickup.minecraft.blaze_rod":1,"stat.drop.minecraft.string":3,"stat.drop.roost.breeder":8,"stat.pickup.tp.bams_pizza":6,"stat.drop.minecraft.chest":1,"stat.pickup.minecraft.dispenser":17,"stat.pickup.minecraft.netherrack":120,"stat.pickup.minecraft.pumpkin":1,"stat.pickup.roost.breeder":6,"stat.drop.cyclicmagic.tool_torch_launcher":4,"stat.mineBlock.minecraft.dispenser":20,"stat.mineBlock.minecraft.netherrack":201,"stat.drop.minecraft.flint":65,"stat.craftItem.minecraft.iron_hoe":1,"stat.fallOneCm":19479,"stat.drop.minecraft.stone":1,"stat.drop.minecraft.dye":388,"stat.craftItem.minecraft.chest":76,"stat.useItem.minecraft.iron_hoe":126,"stat.pickup.actuallyadditions.item_chest_obsidian":1,"stat.drop.fluidcows.cow_halter":3,"stat.pickup.minecraft.feather":20,"stat.drop.minecraft.bone":17,"stat.useItem.harvestcraft.epicbaconitem":24,"stat.pickup.minecraft.iron_leggings":2,"stat.pickup.thermalfoundation.glass":8,"stat.mineBlock.minecraft.gravel":62,"stat.craftItem.minecraft.iron_leggings":1,"stat.killEntity.Rabbit":33,"stat.useItem.minecraft.wool":8,"stat.pickup.chickens.analyzer":1,"stat.drop.minecraft.reeds":2,"stat.useItem.chickens.colored_egg":1,"stat.useItem.minecraft.torch":2,"stat.drop.excompressum.bait":2,"stat.useItem.ironchest.iron_chest":29,"stat.craftItem.minecraft.crafting_table":2,"stat.pickup.minecraft.iron_hoe":2,"stat.drop.thermalfoundation.glass":8,"stat.pickup.excompressum.bait":4,"stat.mineBlock.minecraft.emerald_ore":2,"stat.pickup.minecraft.redstone_block":27,"stat.pickup.minecraft.log":526,"stat.pickup.roost.chicken":182,"stat.useItem.exnihilocreatio.hammer_diamond":177,"stat.pickup.randomthings.biomeradar":2,"stat.mineBlock.minecraft.tripwire_hook":1,"stat.pickup.minecraft.diamond_helmet":1,"stat.pickup.extrautils2.spike_iron":29,"stat.pickup.roost.catcher":4,"stat.pickup.tconstruct.slime_boots":2,"stat.sneakTime":10727,"stat.pickup.minecraft.rabbit":37,"stat.drop.minecraft.bucket":1,"stat.pickup.minecraft.yellow_flower":5,"stat.drop.chancecubes.chance_icosahedron":1,"stat.pickup.minecraft.chest":2,"stat.craftItem.minecraft.enchanting_table":1,"stat.craftItem.minecraft.diamond_chestplate":2,"stat.pickup.immersiveengineering.ore":3,"stat.pickup.minecraft.bone":35,"stat.pickup.thermalinnovation.drill":2,"stat.craftItem.minecraft.diamond_helmet":3,"stat.pickup.exnihilocreatio.item_ore_lead":57,"stat.swimOneCm":29902,"stat.pickup.chisel.marble":1,"stat.useItem.minecraft.dirt":152,"stat.drop.minecraft.quartz":4,"stat.pickup.tp.watering_can":1,"stat.mineBlock.extrautils2.spike_iron":17,"stat.pickup.minecraft.anvil":3,"stat.pickup.minecraft.cobblestone":7240,"stat.mineBlock.minecraft.carpet":12,"stat.mineBlock.minecraft.redstone_block":9,"stat.craftItem.minecraft.glass_bottle":9,"stat.pickup.minecraft.glass_bottle":1,"stat.pickup.minecraft.soul_sand":4,"stat.pickup.appliedenergistics2.material":14,"stat.drop.minecraft.wheat_seeds":1,"stat.pickup.minecraft.cactus":4,"stat.drop.actuallyadditions.item_solidified_experience":1,"stat.pickup.minecraft.redstone":11,"stat.mineBlock.minecraft.iron_ore":1,"stat.craftItem.minecraft.book":2,"stat.drop.minecraft.log":6,"stat.pickup.actuallyadditions.item_rice_seed":6,"stat.mineBlock.thermalfoundation.ore":7,"stat.drop.minecraft.dirt":192,"stat.pickup.minecraft.carpet":1061,"stat.drop.minecraft.beetroot_seeds":1,"stat.craftItem.minecraft.stone_slab2":0,"stat.pickup.exnihilocreatio.item_ore_aluminium":24,"stat.pickup.minecraft.silver_shulker_box":2,"stat.craftItem.actuallyadditions.item_pants_obsidian":1,"stat.pickup.minecraft.paper":191,"stat.craftItem.minecraft.stick":56,"stat.drop.thermalexpansion.reservoir":1,"stat.mineBlock.mekanism.oreblock":1,"stat.pickup.exnihilocreatio.item_material":6,"stat.useItem.minecraft.carrot":3,"stat.killEntity.Endermite":9,"stat.useItem.thermalinnovation.drill":1,"stat.pickup.minecraft.diamond_chestplate":1,"stat.drop.minecraft.tipped_arrow":18,"stat.mineBlock.minecraft.planks":8,"stat.useItem.thermalfoundation.tool.hammer_invar":105,"stat.drop":157,"stat.pickup.minecraft.stone_button":3,"stat.craftItem.exnihilocreatio.item_ore_copper":14,"stat.useItem.tp.bams_pizza":3,"stat.killEntity.BrainyZombie":2,"stat.craftItem.chancecubes.chance_cube":64,"stat.pickup.minecraft.gravel":123,"stat.useItem.extrautils2.compressedcobblestone":4,"stat.mineBlock.minecraft.anvil":3,"stat.useItem.minecraft.apple":4,"stat.mineBlock.minecraft.deadbush":1,"stat.pickup.exnihilocreatio.item_ore_tin":14,"stat.pickup.exnihilocreatio.item_seed_sugarcane":1,"stat.mineBlock.mekanism.cardboardbox":4,"stat.pickup.minecraft.fence":4,"stat.pickup.minecraft.iron_helmet":4,"stat.useItem.tp.birthday_pickaxe":3506,"stat.pickup.tp.bsc_iron_sword":3,"stat.drop.chancecubes.chance_cube":52,"stat.pickup.exchangers.resonant_exchanger":1,"stat.useItem.minecraft.cooked_chicken":11,"stat.drop.minecraft.glass":2,"stat.pickup.minecraft.iron_ore":1,"stat.pickup.actuallyadditions.item_coffee_seed":7,"stat.drop.actuallyadditions.item_booklet":1,"stat.craftItem.randomthings.timeinabottle":3,"stat.pickup.minecraft.leather":8,"stat.drop.minecraft.iron_hoe":1,"stat.pickup.mysticalagriculture.crafting":70,"stat.pickup.minecraft.reeds":45,"stat.killEntity.CaveSpider":1,"stat.pickup.exnihilocreatio.item_ore_silver":1,"stat.pickup.minecraft.oak_stairs":4,"stat.damageDealt":19791,"stat.pickup.actuallyadditions.item_canola_seed":8,"stat.mineBlock.excompressum.heavy_sieve":2,"stat.walkOneCm":1226428,"stat.pickup.thermalfoundation.tool.hammer_invar":7,"stat.pickup.minecraft.stick":41,"stat.drop.appliedenergistics2.material":10,"stat.pickup.mekanism.oreblock":1,"stat.craftItem.minecraft.diamond_boots":2,"stat.pickup.minecraft.tnt":3,"stat.pickup.minecraft.stone":1,"stat.mineBlock.minecraft.wool":2,"stat.craftItem.minecraft.hay_block":119,"stat.pickup.minecraft.gold_ingot":4,"stat.craftItem.tp.watering_can":1,"stat.mineBlock.minecraft.cactus":1,"stat.killEntity.Chicken":5,"stat.killEntity.Spider":1,"stat.mineBlock.minecraft.quartz_ore":2,"stat.pickup.minecraft.quartz":12,"stat.craftItem.minecraft.fence":21,"stat.mineBlock.minecraft.leaves":2,"stat.mineBlock.minecraft.redstone_ore":1,"stat.mineBlock.minecraft.stone":6141}