{"stat.useItem.minecraft.bow":1,"stat.pickup.minecraft.wooden_slab":1,"stat.leaveGame":3,"stat.drop.minecraft.gunpowder":2,"stat.useItem.chancecubes.chance_cube":53,"stat.mineBlock.minecraft.sandstone":3,"stat.killEntity.PigZombie":8,"stat.craftItem.minecraft.string":2,"stat.drop.exnihilocreatio.item_pebble":8,"stat.mineBlock.minecraft.web":84,"stat.entityKilledBy.PigZombie":1,"stat.drop.tp.bsc_iron_sword":1,"stat.mineBlock.gravestone.gravestone":8,"stat.pickup.harvestcraft.calamarirawitem":21,"stat.pickup.minecraft.rotten_flesh":105,"stat.pickup.exnihilocreatio.block_dust":1,"stat.drop.immersiveengineering.ore":6,"stat.pickup.minecraft.cobblestone_wall":134,"stat.pickup.minecraft.bucket":4,"stat.killEntity.Enderman":14,"stat.mineBlock.minecraft.wooden_slab":1,"stat.pickup.integrateddynamics.menril_sapling":7,"stat.killEntity.Witch":13,"stat.pickup.exnihilocreatio.item_ore_copper":27,"stat.craftItem.excompressum.bait":2,"stat.useItem.exnihilocreatio.item_material":3,"stat.pickup.excompressum.heavy_sieve":2,"stat.drop.immersiveengineering.seed":1,"stat.pickup.enderio.item_basic_capacitor":2,"stat.pickup.thermalfoundation.material":30,"stat.mineBlock.chancecubes.chance_cube":52,"stat.furnaceInteraction":20,"stat.drop.minecraft.gravel":5,"stat.useItem.minecraft.golden_carrot":1,"stat.useItem.chickens.spawn_egg":1,"stat.killEntity.ZombieVillager":2,"stat.pickup.minecraft.sponge":2,"stat.craftItem.roost.breeder":25,"stat.pickup.minecraft.prismarine":8,"stat.pickup.buildinggadgets.constructionpastecontainert3":2,"stat.pickup.minecraft.hay_block":8,"stat.useItem.exnihilocreatio.item_cooked_silkworm":1,"stat.pickup.thermalfoundation.meter":1,"stat.useItem.minecraft.fence":19,"stat.mineBlock.minecraft.fence":1,"stat.useItem.minecraft.flint_and_steel":115,"stat.useItem.minecraft.wheat_seeds":104,"stat.pickup.minecraft.emerald":5,"stat.pickup.cyclicmagic.tool_torch_launcher":12,"stat.deaths":8,"stat.pickup.minecraft.egg":18,"stat.pickup.exnihilocreatio.hammer_diamond":5,"stat.pickup.draconicevolution.draconium_ingot":9,"stat.mineBlock.minecraft.tallgrass":42,"stat.pickup.enderio.item_dark_steel_axe":1,"stat.chestOpened":328,"stat.useItem.minecraft.cooked_rabbit":8,"stat.pickup.thermalfoundation.wrench":1,"stat.craftItem.roost.roost":18,"stat.pickup.minecraft.arrow":36,"stat.pickup.extrautils2.compressedcobblestone":7,"stat.drop.thermalcultivation.watering_can":2,"stat.pickup.minecraft.gold_nugget":6,"stat.useItem.roost.breeder":9,"stat.drop.minecraft.dark_oak_stairs":1,"stat.pickup.minecraft.carrot":4,"stat.useItem.minecraft.rabbit":5,"stat.crouchOneCm":46384,"stat.pickup.bonsaitrees.bonsaipot":2,"stat.drop.tp.bams_pizza":1,"stat.craftItem.minecraft.hopper":24,"stat.craftingTableInteraction":14,"stat.drop.thermalfoundation.ore":3,"stat.pickup.extrautils2.spike_stone":2,"stat.mineBlock.minecraft.log2":10,"stat.useItem.minecraft.reeds":3,"stat.craftItem.draconicevolution.draconic_core":21,"stat.pickup.minecraft.dye":2287,"stat.pickup.minecraft.planks":293,"stat.pickup.minecraft.wheat_seeds":750,"stat.pickup.enderio.item_material":11,"stat.mineBlock.roost.breeder":6,"stat.drop.extrautils2.spike_stone":1,"stat.drop.actuallyadditions.item_rice_seed":1,"stat.mineBlock.minecraft.glass":6,"stat.useItem.enderio.item_dark_steel_axe":3,"stat.craftItem.roost.catcher":2,"stat.drop.minecraft.carpet":384,"stat.drop.enderio.item_material":5,"stat.mineBlock.minecraft.dirt":134,"stat.pickup.minecraft.poisonous_potato":2,"stat.pickup.exnihilocreatio.item_mesh":7,"stat.drop.minecraft.paper":51,"stat.pickup.immersiveengineering.seed":2,"stat.drop.minecraft.rotten_flesh":3,"stat.useItem.minecraft.cobblestone":867,"stat.useItem.minecraft.gravel":64,"stat.pickup.randomthings.timeinabottle":5,"stat.pickup.minecraft.hopper":6,"stat.pickup.minecraft.chicken":154,"stat.mineBlock.minecraft.silver_shulker_box":18,"stat.pickup.minecraft.tipped_arrow":204,"stat.drop.minecraft.gold_nugget":2,"stat.pickup.minecraft.apple":3,"stat.pickup.minecraft.end_stone":12,"stat.drop.minecraft.fish":5,"stat.craftItem.minecraft.bucket":3,"stat.craftItem.minecraft.planks":1940,"stat.pickup.extrautils2.filter":2,"stat.pickup.minecraft.book":126,"stat.pickup.minecraft.iron_door":1,"stat.useItem.roost.chicken":168,"stat.craftItem.minecraft.paper":228,"stat.pickup.minecraft.red_flower":1,"stat.pickup.minecraft.wool":110,"stat.pickup.exnihilocreatio.block_sieve":2,"stat.craftItem.minecraft.cobblestone":5,"stat.pickup.harvestcraft.epicbaconitem":30,"stat.cakeSlicesEaten":4,"stat.pickup.minecraft.tripwire_hook":17,"stat.craftItem.minecraft.cooked_rabbit":8,"stat.craftItem.minecraft.diamond_leggings":5,"stat.pickup.minecraft.bookshelf":2,"stat.useItem.minecraft.iron_axe":8,"stat.drop.thermalinnovation.drill":1,"stat.mineBlock.minecraft.cobblestone":2468,"stat.mineBlock.minecraft.pumpkin":1,"stat.pickup.minecraft.flint":737,"stat.mineBlock.minecraft.yellow_flower":5,"stat.drop.thermalfoundation.material":1,"stat.craftItem.minecraft.wool":66,"stat.craftItem.minecraft.clock":4,"stat.drop.roost.catcher":2,"stat.drop.minecraft.cobblestone":1090,"stat.pickup.chickens.spawn_egg":2,"stat.useItem.minecraft.cookie":15,"stat.mineBlock.ironchest.iron_chest":1,"stat.useItem.minecraft.stone_slab2":259,"stat.pickup.minecraft.bow":4,"stat.pickup.minecraft.iron_boots":2,"stat.craftItem.minecraft.lapis_block":64,"stat.pickup.thermalfoundation.ore":24,"stat.craftItem.exnihilocreatio.hammer_diamond":1,"stat.useItem.minecraft.egg":7,"stat.craftItem.minecraft.iron_boots":1,"stat.mineBlock.minecraft.obsidian":83,"stat.useItem.tp.emerald_spear":752,"stat.pickup.minecraft.diamond_leggings":3,"stat.flyOneCm":2489056,"stat.drop.minecraft.iron_helmet":1,"stat.pickup.actuallyadditions.item_booklet":3,"stat.pickup.minecraft.fish":10,"stat.timeSinceDeath":15097,"stat.pickup.fluidcows.cow_halter":6,"stat.killEntity.Bat":4,"stat.pickup.hatchery.chickenmanure":133,"stat.useItem.minecraft.potato":2,"stat.craftItem.actuallyadditions.item_chest_obsidian":2,"stat.pickup.minecraft.nether_wart":4,"stat.pickup.plustic.laser_gun":4,"stat.mineBlock.minecraft.enchanting_table":1,"stat.mineBlock.minecraft.coal_ore":12,"stat.killEntity.Creeper":13,"stat.pickup.extrautils2.ingredients":2,"stat.talkedToVillager":2,"stat.pickup.minecraft.string":388,"stat.entityKilledBy.Skeleton":1,"stat.pickup.minecraft.birch_stairs":2,"stat.craftItem.tconstruct.tooltables":3,"stat.killEntity.Squid":15,"stat.sprintOneCm":1268123,"stat.mineBlock.minecraft.stone_slab":13,"stat.pickup.cyclicmagic.ender_pearl_mounted":4,"stat.pickup.extrautils2.passivegenerator":2,"stat.mineBlock.minecraft.diamond_ore":9,"stat.craftItem.minecraft.redstone_lamp":16,"stat.pickup.minecraft.spawn_egg":3,"stat.pickup.minecraft.sugar":6,"stat.pickup.tp.emerald_chestplate":3,"stat.craftItem.minecraft.emerald":1,"stat.killEntity.Zombie":101,"stat.craftItem.minecraft.dye":129,"stat.craftItem.minecraft.diamond_axe":1,"stat.mineBlock.minecraft.gold_ore":2,"stat.diveOneCm":21961,"stat.pickup.minecraft.wheat":553,"stat.pickup.minecraft.sign":1,"stat.useItem.minecraft.chicken":20,"stat.craftItem.harvestcraft.market":1,"stat.pickup.minecraft.obsidian":119,"stat.useItem.minecraft.rotten_flesh":14,"stat.entityKilledBy.Pig":1,"stat.jump":10815,"stat.useItem.minecraft.sand":4,"stat.pickup.tp.birthday_pickaxe":8,"stat.pickup.minecraft.coal":74,"stat.pickup.minecraft.iron_ingot":65,"stat.pickup.minecraft.gunpowder":14,"stat.mineBlock.roost.roost":6,"stat.craftItem.minecraft.torch":512,"stat.pickup.minecraft.dirt":780,"stat.drop.thermalfoundation.tool.hammer_invar":1,"stat.pickup.minecraft.gold_ore":6,"stat.mineBlock.minecraft.lapis_ore":6,"stat.pickup.actuallyadditions.item_flax_seed":5,"stat.pickup.minecraft.cookie":30,"stat.pickup.minecraft.iron_axe":2,"stat.mineBlock.minecraft.glass_pane":15,"stat.damageTaken":11496,"stat.mineBlock.minecraft.torch":24,"stat.mineBlock.minecraft.red_flower":2,"stat.pickup.minecraft.written_book":1,"stat.tradedWithVillager":1,"stat.useItem.thaumcraft.brain":1,"stat.pickup.minecraft.log2":2,"stat.craftItem.minecraft.glowstone":16,"stat.pickup.exnihilocreatio.item_seed_potato":2,"stat.pickup.minecraft.potato":30,"stat.pickup.minecraft.rabbit_hide":43,"stat.pickup.thermalexpansion.reservoir":5,"stat.drop.thaumcraft.brain":6,"stat.killEntity.Silverfish":25,"stat.useItem.hatchery.chickenmanure":31,"stat.useItem.minecraft.chest":1,"stat.drop.minecraft.wheat":119,"stat.useItem.minecraft.lava_bucket":60,"stat.pickup.minecraft.rabbit_foot":13,"stat.drop.minecraft.netherrack":5,"stat.shulkerBoxOpened":23,"stat.craftItem.minecraft.iron_chestplate":1,"stat.pickup.minecraft.ender_pearl":13,"stat.useItem.minecraft.netherrack":73,"stat.pickup.thermalcultivation.watering_can":3,"stat.mineBlock.minecraft.tnt":10,"stat.craftItem.minecraft.bookshelf":62,"stat.pickup.extrautils2.drum":3,"stat.pickup.tp.emerald_spear":4,"stat.pickup.minecraft.dark_oak_stairs":1,"stat.mobKills":459,"stat.pickup.minecraft.diamond_boots":1,"stat.mineBlock.minecraft.bookshelf":42,"stat.craftItem.minecraft.lead":4,"stat.pickup.minecraft.diamond":57,"stat.pickup.minecraft.beetroot_seeds":7,"stat.pickup.minecraft.iron_horse_armor":3,"stat.pickup.ftbquests.lootcrate":38,"stat.pickup.minecraft.torch":98,"stat.pickup.thaumcraft.brain":15,"stat.drop.exnihilocreatio.item_mesh":3,"stat.pickup.roost.roost":14,"stat.pickup.mekanism.cardboardbox":4,"stat.mineBlock.exnihilocreatio.block_sieve":2,"stat.useItem.randomthings.timeinabottle":442,"stat.useItem.minecraft.string":1,"stat.useItem.botania.livingwoodbow":25,"stat.drop.extrautils2.filter":2,"stat.mineBlock.thaumcraft.ore_quartz":3,"stat.useItem.extrautils2.spike_iron":1,"stat.useItem.minecraft.bookshelf":60,"stat.craftItem.minecraft.iron_axe":1,"stat.killEntity.Blaze":2,"stat.useItem.minecraft.poisonous_potato":1,"stat.mineBlock.extrautils2.compressedcobblestone":3,"stat.useItem.minecraft.planks":246,"stat.pickup.minecraft.glowstone_dust":2,"stat.mineBlock.immersiveengineering.ore":10,"stat.pickup.minecraft.porkchop":4,"stat.drop.tconstruct.slime_boots":1,"stat.pickup.minecraft.glass":5,"stat.useItem.minecraft.water_bucket":157,"stat.useItem.harvestcraft.calamarirawitem":11,"stat.drop.minecraft.poisonous_potato":1,"stat.pickup.minecraft.sand":153,"stat.craftItem.minecraft.golden_apple":384,"stat.drop.hatchery.chickenmanure":3,"stat.useItem.tp.bsc_iron_sword":262,"stat.pickup.exnihilocreatio.item_pebble":592,"stat.useItem.minecraft.ender_pearl":2,"stat.mineBlock.minecraft.sand":2,"stat.hopperInspected":13,"stat.drop.minecraft.diamond":3,"stat.useItem.minecraft.spawn_egg":2,"stat.pickup.chancecubes.compact_giant_chance_cube":2,"stat.killEntity.thermalfoundation.basalz":6,"stat.craftItem.actuallyadditions.item_helm_obsidian":2,"stat.drop.harvestcraft.epicbaconitem":1,"stat.craftItem.thermalcultivation.watering_can":1,"stat.pickup.actuallyadditions.item_solidified_experience":82,"stat.pickup.chickens.colored_egg":7,"stat.pickup.extrautils2.compressedsand":12,"stat.pickup.exnihilocreatio.item_ore_iron":14,"stat.pickup.minecraft.iron_chestplate":1,"stat.pickup.minecraft.skull":12,"stat.pickup.exnihilocreatio.item_ore_osmium":12,"stat.drop.minecraft.pumpkin_seeds":3,"stat.pickup.chancecubes.chance_cube":71,"stat.pickup.minecraft.stone_stairs":8,"stat.craftItem.ironchest.iron_chest":36,"stat.pickup.thaumcraft.nugget":2,"stat.pickup.minecraft.pumpkin_seeds":9,"stat.drop.minecraft.iron_horse_armor":1,"stat.pickup.exnihilocreatio.item_ore_nickel":2,"stat.useItem.minecraft.hopper":35,"stat.useItem.roost.roost":25,"stat.mineBlock.minecraft.soul_sand":6,"stat.pickup.ironchest.iron_chest":1,"stat.drop.randomthings.timeinabottle":2,"stat.pickup.cyclicmagic.entity_detector":1,"stat.playOneMinute":578255,"stat.pickup.minecraft.blaze_rod":1,"stat.drop.minecraft.string":9,"stat.drop.roost.breeder":8,"stat.pickup.tp.bams_pizza":6,"stat.drop.minecraft.chest":1,"stat.pickup.minecraft.dispenser":17,"stat.pickup.minecraft.netherrack":137,"stat.pickup.minecraft.pumpkin":1,"stat.pickup.roost.breeder":6,"stat.drop.cyclicmagic.tool_torch_launcher":4,"stat.mineBlock.minecraft.dispenser":20,"stat.mineBlock.minecraft.netherrack":219,"stat.drop.minecraft.flint":65,"stat.craftItem.minecraft.iron_hoe":1,"stat.pickup.minecraft.cooked_chicken":29,"stat.fallOneCm":23625,"stat.drop.minecraft.stone":1,"stat.drop.minecraft.dye":388,"stat.pickup.storagedrawers.upgrade_template":5,"stat.craftItem.minecraft.chest":76,"stat.useItem.minecraft.iron_hoe":126,"stat.pickup.actuallyadditions.item_chest_obsidian":1,"stat.drop.fluidcows.cow_halter":3,"stat.pickup.minecraft.feather":20,"stat.drop.minecraft.bone":17,"stat.useItem.harvestcraft.epicbaconitem":28,"stat.pickup.minecraft.iron_leggings":2,"stat.drop.chickens.colored_egg":4,"stat.pickup.thermalfoundation.glass":8,"stat.pickup.minecraft.lead":1,"stat.mineBlock.minecraft.gravel":62,"stat.craftItem.minecraft.iron_leggings":1,"stat.killEntity.Rabbit":33,"stat.useItem.minecraft.wool":8,"stat.pickup.chickens.analyzer":1,"stat.drop.minecraft.reeds":2,"stat.drop.minecraft.stick":7,"stat.useItem.chickens.colored_egg":2,"stat.useItem.minecraft.torch":22,"stat.pickup.minecraft.golden_apple":26,"stat.craftItem.minecraft.redstone_block":30,"stat.drop.excompressum.bait":5,"stat.useItem.ironchest.iron_chest":29,"stat.craftItem.minecraft.crafting_table":3,"stat.pickup.minecraft.iron_hoe":2,"stat.drop.thermalfoundation.glass":8,"stat.pickup.excompressum.bait":6,"stat.mineBlock.minecraft.emerald_ore":4,"stat.pickup.minecraft.redstone_block":27,"stat.pickup.minecraft.log":574,"stat.drop.minecraft.planks":1,"stat.pickup.minecraft.web":2,"stat.pickup.roost.chicken":195,"stat.useItem.exnihilocreatio.hammer_diamond":189,"stat.pickup.randomthings.biomeradar":2,"stat.mineBlock.minecraft.tripwire_hook":1,"stat.pickup.minecraft.diamond_helmet":3,"stat.pickup.extrautils2.spike_iron":29,"stat.pickup.roost.catcher":4,"stat.pickup.tconstruct.slime_boots":6,"stat.sneakTime":13174,"stat.pickup.minecraft.rabbit":37,"stat.mineBlock.minecraft.cobblestone_wall":91,"stat.drop.minecraft.bucket":1,"stat.pickup.minecraft.stone_slab":45,"stat.pickup.minecraft.yellow_flower":5,"stat.drop.chancecubes.chance_icosahedron":2,"stat.pickup.minecraft.chest":2,"stat.craftItem.minecraft.enchanting_table":1,"stat.craftItem.minecraft.diamond_chestplate":3,"stat.pickup.immersiveengineering.ore":19,"stat.pickup.minecraft.bone":55,"stat.pickup.thermalinnovation.drill":2,"stat.craftItem.minecraft.diamond_helmet":4,"stat.pickup.exnihilocreatio.item_ore_lead":57,"stat.pickup.botania.livingwoodbow":2,"stat.swimOneCm":48310,"stat.mineBlock.minecraft.diamond_block":1,"stat.pickup.chisel.marble":1,"stat.useItem.minecraft.dirt":154,"stat.drop.minecraft.quartz":4,"stat.pickup.botania.terrasteelchest":1,"stat.pickup.tp.watering_can":1,"stat.mineBlock.extrautils2.spike_iron":17,"stat.drop.minecraft.web":2,"stat.pickup.minecraft.enchanting_table":1,"stat.pickup.minecraft.anvil":3,"stat.pickup.minecraft.cobblestone":9033,"stat.mineBlock.minecraft.carpet":27,"stat.mineBlock.minecraft.redstone_block":9,"stat.craftItem.minecraft.glass_bottle":9,"stat.pickup.minecraft.glass_bottle":1,"stat.pickup.minecraft.soul_sand":4,"stat.pickup.appliedenergistics2.material":15,"stat.drop.minecraft.wheat_seeds":1,"stat.pickup.minecraft.cactus":4,"stat.drop.actuallyadditions.item_solidified_experience":1,"stat.pickup.minecraft.redstone":109,"stat.mineBlock.minecraft.iron_ore":3,"stat.craftItem.minecraft.book":64,"stat.drop.minecraft.log":6,"stat.pickup.actuallyadditions.item_rice_seed":6,"stat.mineBlock.thermalfoundation.ore":14,"stat.drop.minecraft.dirt":192,"stat.pickup.minecraft.carpet":1078,"stat.drop.minecraft.beetroot_seeds":1,"stat.craftItem.minecraft.stone_slab2":0,"stat.pickup.exnihilocreatio.item_ore_aluminium":24,"stat.pickup.minecraft.silver_shulker_box":20,"stat.craftItem.actuallyadditions.item_pants_obsidian":1,"stat.pickup.minecraft.paper":220,"stat.pickup.thaumcraft.ingot":2,"stat.craftItem.minecraft.stick":192,"stat.drop.thermalexpansion.reservoir":1,"stat.mineBlock.mekanism.oreblock":1,"stat.craftItem.draconicevolution.wyvern_energy_core":8,"stat.pickup.exnihilocreatio.item_material":6,"stat.pickup.storagedrawers.drawer_key":1,"stat.useItem.minecraft.carrot":3,"stat.killEntity.Endermite":9,"stat.useItem.thermalinnovation.drill":1,"stat.pickup.minecraft.diamond_chestplate":1,"stat.drop.minecraft.golden_apple":128,"stat.useItem.extrautils2.crafter":1,"stat.drop.minecraft.tipped_arrow":18,"stat.pickup.chancecubes.chance_icosahedron":1,"stat.mineBlock.minecraft.planks":106,"stat.useItem.thermalfoundation.tool.hammer_invar":105,"stat.drop":185,"stat.pickup.minecraft.stone_button":3,"stat.pickup.draconicevolution.draconic_core":12,"stat.pickup.mekanismtools.steelboots":1,"stat.craftItem.exnihilocreatio.item_ore_copper":14,"stat.useItem.tp.bams_pizza":3,"stat.killEntity.BrainyZombie":13,"stat.craftItem.chancecubes.chance_cube":64,"stat.pickup.minecraft.gravel":134,"stat.useItem.extrautils2.compressedcobblestone":4,"stat.mineBlock.minecraft.anvil":3,"stat.useItem.minecraft.diamond_axe":41,"stat.useItem.minecraft.apple":4,"stat.mineBlock.minecraft.deadbush":1,"stat.pickup.exnihilocreatio.item_ore_tin":14,"stat.pickup.exnihilocreatio.item_seed_sugarcane":1,"stat.mineBlock.mekanism.cardboardbox":4,"stat.pickup.minecraft.fence":4,"stat.pickup.minecraft.iron_helmet":4,"stat.useItem.tp.birthday_pickaxe":6613,"stat.pickup.tp.bsc_iron_sword":4,"stat.drop.chancecubes.chance_cube":52,"stat.pickup.exchangers.resonant_exchanger":1,"stat.useItem.minecraft.cooked_chicken":40,"stat.drop.minecraft.glass":2,"stat.pickup.minecraft.iron_ore":5,"stat.craftItem.minecraft.flint_and_steel":2,"stat.useItem.minecraft.redstone_lamp":6,"stat.pickup.actuallyadditions.item_coffee_seed":7,"stat.drop.actuallyadditions.item_booklet":1,"stat.craftItem.randomthings.timeinabottle":3,"stat.mineBlock.minecraft.stone_stairs":78,"stat.pickup.minecraft.leather":8,"stat.drop.minecraft.iron_hoe":1,"stat.pickup.mysticalagriculture.crafting":102,"stat.pickup.minecraft.reeds":210,"stat.killEntity.CaveSpider":1,"stat.pickup.exnihilocreatio.item_ore_silver":1,"stat.pickup.minecraft.oak_stairs":4,"stat.damageDealt":55530,"stat.pickup.actuallyadditions.item_canola_seed":8,"stat.mineBlock.excompressum.heavy_sieve":2,"stat.walkOneCm":1557475,"stat.pickup.thermalfoundation.tool.hammer_invar":7,"stat.pickup.minecraft.stick":48,"stat.drop.appliedenergistics2.material":10,"stat.pickup.mekanism.oreblock":1,"stat.pickup.quantumflux.craftingpiece":1,"stat.craftItem.minecraft.diamond_boots":3,"stat.pickup.minecraft.tnt":3,"stat.pickup.minecraft.stone":2,"stat.mineBlock.minecraft.wool":2,"stat.craftItem.minecraft.hay_block":119,"stat.craftItem.minecraft.redstone":126,"stat.pickup.minecraft.gold_ingot":863,"stat.craftItem.tp.watering_can":1,"stat.killEntity.Skeleton":30,"stat.mineBlock.minecraft.cactus":1,"stat.killEntity.Chicken":5,"stat.killEntity.Spider":17,"stat.mineBlock.minecraft.quartz_ore":4,"stat.pickup.yabba.upgrade_iron_tier":2,"stat.pickup.minecraft.quartz":16,"stat.craftItem.minecraft.fence":21,"stat.pickup.storagedrawers.upgrade_storage":12,"stat.useItem.minecraft.golden_apple":45,"stat.pickup.minecraft.water_bucket":3,"stat.mineBlock.minecraft.leaves":2,"stat.mineBlock.minecraft.redstone_ore":6,"stat.mineBlock.minecraft.stone":6665}