{"stat.chestOpened":37,"stat.pickup.harvestcraft.epicbaconitem":11,"stat.useItem.minecraft.cooked_rabbit":8,"stat.killEntity.BrainyZombie":2,"stat.craftItem.minecraft.cooked_rabbit":8,"stat.drop.cyclicmagic.tool_torch_launcher":3,"stat.pickup.minecraft.gravel":107,"stat.drop.thermalinnovation.drill":1,"stat.mineBlock.minecraft.cobblestone":68,"stat.useItem.minecraft.apple":4,"stat.craftItem.harvestcraft.market":1,"stat.pickup.thermalinnovation.drill":2,"stat.craftItem.minecraft.wool":16,"stat.useItem.chancecubes.chance_cube":7,"stat.craftItem.minecraft.iron_hoe":1,"stat.jump":1033,"stat.swimOneCm":226,"stat.pickup.minecraft.fence":4,"stat.pickup.minecraft.iron_helmet":1,"stat.fallOneCm":5463,"stat.drop.exnihilocreatio.item_pebble":8,"stat.drop.minecraft.cobblestone":167,"stat.useItem.minecraft.rabbit":4,"stat.crouchOneCm":5757,"stat.mineBlock.gravestone.gravestone":3,"stat.pickup.minecraft.dirt":764,"stat.useItem.minecraft.dirt":145,"stat.useItem.minecraft.stone_slab2":26,"stat.useItem.minecraft.iron_hoe":28,"stat.useItem.minecraft.water_bucket":1,"stat.craftingTableInteraction":3,"stat.pickup.minecraft.rotten_flesh":5,"stat.pickup.actuallyadditions.item_flax_seed":4,"stat.pickup.actuallyadditions.item_coffee_seed":6,"stat.craftItem.exnihilocreatio.hammer_diamond":1,"stat.pickup.minecraft.cookie":6,"stat.useItem.minecraft.egg":3,"stat.damageTaken":703,"stat.pickup.minecraft.leather":8,"stat.pickup.minecraft.feather":4,"stat.drop.hatchery.chickenmanure":2,"stat.pickup.minecraft.bucket":1,"stat.mineBlock.minecraft.torch":6,"stat.pickup.exnihilocreatio.item_pebble":566,"stat.useItem.harvestcraft.epicbaconitem":4,"stat.pickup.minecraft.cobblestone":4541,"stat.useItem.thaumcraft.brain":1,"stat.pickup.mysticalagriculture.crafting":18,"stat.mineBlock.minecraft.redstone_block":9,"stat.flyOneCm":235291,"stat.pickup.integrateddynamics.menril_sapling":7,"stat.pickup.exnihilocreatio.item_seed_potato":2,"stat.pickup.minecraft.rabbit_hide":36,"stat.mineBlock.minecraft.gravel":61,"stat.drop.actuallyadditions.item_rice_seed":1,"stat.mineBlock.minecraft.glass":4,"stat.killEntity.Rabbit":20,"stat.damageDealt":2073,"stat.craftItem.roost.catcher":1,"stat.useItem.minecraft.wool":4,"stat.timeSinceDeath":16481,"stat.hopperInspected":1,"stat.pickup.actuallyadditions.item_canola_seed":8,"stat.mineBlock.minecraft.dirt":4,"stat.useItem.minecraft.spawn_egg":2,"stat.mineBlock.excompressum.heavy_sieve":2,"stat.pickup.actuallyadditions.item_rice_seed":6,"stat.pickup.exnihilocreatio.item_mesh":7,"stat.pickup.excompressum.heavy_sieve":2,"stat.killEntity.Bat":4,"stat.walkOneCm":225446,"stat.pickup.hatchery.chickenmanure":3,"stat.pickup.thermalfoundation.tool.hammer_invar":3,"stat.pickup.minecraft.stick":40,"stat.drop.minecraft.rotten_flesh":3,"stat.drop.harvestcraft.epicbaconitem":1,"stat.pickup.thermalfoundation.material":12,"stat.pickup.plustic.laser_gun":3,"stat.useItem.minecraft.cobblestone":71,"stat.mineBlock.chancecubes.chance_cube":8,"stat.furnaceInteraction":11,"stat.drop.minecraft.gravel":5,"stat.useItem.minecraft.gravel":63,"stat.drop.minecraft.dirt":192,"stat.drop.minecraft.beetroot_seeds":1,"stat.pickup.minecraft.iron_hoe":1,"stat.pickup.minecraft.rabbit_foot":12,"stat.pickup.minecraft.redstone_block":27,"stat.pickup.minecraft.string":4,"stat.pickup.minecraft.log":41,"stat.pickup.minecraft.tnt":3,"stat.entityKilledBy.Skeleton":1,"stat.craftItem.minecraft.stone_slab2":0,"stat.useItem.exnihilocreatio.item_cooked_silkworm":1,"stat.pickup.minecraft.hopper":6,"stat.pickup.extrautils2.compressedsand":12,"stat.pickup.minecraft.chicken":2,"stat.pickup.roost.chicken":4,"stat.sprintOneCm":179547,"stat.useItem.minecraft.fence":19,"stat.pickup.minecraft.skull":1,"stat.craftItem.minecraft.stick":56,"stat.useItem.exnihilocreatio.hammer_diamond":135,"stat.pickup.cyclicmagic.ender_pearl_mounted":2,"stat.mineBlock.minecraft.tnt":8,"stat.pickup.chancecubes.chance_cube":3,"stat.pickup.exnihilocreatio.item_material":6,"stat.craftItem.minecraft.planks":60,"stat.killEntity.Chicken":1,"stat.mineBlock.minecraft.fence":1,"stat.killEntity.Spider":1,"stat.pickup.minecraft.pumpkin_seeds":2,"stat.useItem.thermalinnovation.drill":1,"stat.pickup.roost.catcher":1,"stat.mobKills":29,"stat.pickup.cyclicmagic.tool_torch_launcher":6,"stat.craftItem.minecraft.fence":21,"stat.pickup.minecraft.spawn_egg":3,"stat.deaths":3,"stat.useItem.thermalfoundation.tool.hammer_invar":43,"stat.drop":33,"stat.pickup.minecraft.egg":1,"stat.pickup.minecraft.beetroot_seeds":7,"stat.useItem.roost.chicken":1,"stat.pickup.ftbquests.lootcrate":1,"stat.playOneMinute":68416,"stat.pickup.minecraft.torch":18,"stat.pickup.thaumcraft.brain":2,"stat.sneakTime":1043,"stat.pickup.exnihilocreatio.hammer_diamond":1,"stat.drop.exnihilocreatio.item_mesh":3,"stat.pickup.minecraft.wool":17,"stat.pickup.exnihilocreatio.block_sieve":2,"stat.pickup.minecraft.rabbit":31,"stat.craftItem.minecraft.cobblestone":5,"stat.mineBlock.minecraft.stone":2710,"stat.mineBlock.exnihilocreatio.block_sieve":2,"stat.mineBlock.minecraft.tallgrass":1}