{"stat.chestOpened":31,"stat.useItem.minecraft.cooked_rabbit":8,"stat.killEntity.BrainyZombie":2,"stat.craftItem.minecraft.cooked_rabbit":8,"stat.drop.cyclicmagic.tool_torch_launcher":3,"stat.pickup.minecraft.gravel":5,"stat.drop.thermalinnovation.drill":1,"stat.useItem.minecraft.apple":4,"stat.craftItem.harvestcraft.market":1,"stat.pickup.thermalinnovation.drill":1,"stat.craftItem.minecraft.wool":16,"stat.useItem.chancecubes.chance_cube":7,"stat.jump":551,"stat.pickup.minecraft.fence":1,"stat.fallOneCm":3373,"stat.drop.minecraft.cobblestone":100,"stat.useItem.minecraft.rabbit":4,"stat.crouchOneCm":975,"stat.mineBlock.gravestone.gravestone":2,"stat.pickup.minecraft.dirt":347,"stat.useItem.minecraft.dirt":23,"stat.useItem.minecraft.stone_slab2":13,"stat.craftingTableInteraction":3,"stat.pickup.minecraft.rotten_flesh":5,"stat.craftItem.exnihilocreatio.hammer_diamond":1,"stat.useItem.minecraft.egg":3,"stat.damageTaken":355,"stat.pickup.minecraft.leather":4,"stat.pickup.minecraft.feather":2,"stat.drop.hatchery.chickenmanure":2,"stat.mineBlock.minecraft.torch":5,"stat.pickup.exnihilocreatio.item_pebble":139,"stat.useItem.harvestcraft.epicbaconitem":1,"stat.pickup.minecraft.cobblestone":2338,"stat.useItem.thaumcraft.brain":1,"stat.pickup.mysticalagriculture.crafting":18,"stat.mineBlock.minecraft.redstone_block":9,"stat.flyOneCm":114930,"stat.pickup.integrateddynamics.menril_sapling":2,"stat.pickup.minecraft.rabbit_hide":36,"stat.mineBlock.minecraft.gravel":26,"stat.mineBlock.minecraft.glass":4,"stat.killEntity.Rabbit":20,"stat.damageDealt":1621,"stat.craftItem.roost.catcher":1,"stat.useItem.minecraft.wool":4,"stat.timeSinceDeath":32721,"stat.hopperInspected":1,"stat.pickup.actuallyadditions.item_canola_seed":1,"stat.mineBlock.minecraft.dirt":2,"stat.useItem.minecraft.spawn_egg":2,"stat.killEntity.Bat":4,"stat.walkOneCm":163260,"stat.pickup.hatchery.chickenmanure":2,"stat.pickup.thermalfoundation.tool.hammer_invar":2,"stat.drop.minecraft.rotten_flesh":3,"stat.pickup.thermalfoundation.material":12,"stat.pickup.plustic.laser_gun":2,"stat.useItem.minecraft.cobblestone":5,"stat.mineBlock.chancecubes.chance_cube":8,"stat.furnaceInteraction":11,"stat.drop.minecraft.gravel":5,"stat.useItem.minecraft.gravel":27,"stat.drop.minecraft.dirt":192,"stat.drop.minecraft.beetroot_seeds":1,"stat.pickup.minecraft.rabbit_foot":12,"stat.pickup.minecraft.redstone_block":27,"stat.pickup.minecraft.tnt":3,"stat.entityKilledBy.Skeleton":1,"stat.craftItem.minecraft.stone_slab2":0,"stat.useItem.exnihilocreatio.item_cooked_silkworm":1,"stat.pickup.extrautils2.compressedsand":12,"stat.pickup.minecraft.chicken":1,"stat.pickup.roost.chicken":1,"stat.sprintOneCm":122388,"stat.useItem.minecraft.fence":19,"stat.pickup.minecraft.skull":1,"stat.craftItem.minecraft.stick":56,"stat.useItem.exnihilocreatio.hammer_diamond":26,"stat.pickup.cyclicmagic.ender_pearl_mounted":2,"stat.mineBlock.minecraft.tnt":8,"stat.pickup.chancecubes.chance_cube":3,"stat.craftItem.minecraft.planks":60,"stat.killEntity.Chicken":1,"stat.mineBlock.minecraft.fence":1,"stat.pickup.minecraft.pumpkin_seeds":1,"stat.useItem.thermalinnovation.drill":1,"stat.mobKills":28,"stat.pickup.cyclicmagic.tool_torch_launcher":5,"stat.craftItem.minecraft.fence":21,"stat.pickup.minecraft.spawn_egg":3,"stat.deaths":2,"stat.useItem.thermalfoundation.tool.hammer_invar":32,"stat.drop":23,"stat.pickup.minecraft.egg":1,"stat.pickup.minecraft.beetroot_seeds":3,"stat.pickup.ftbquests.lootcrate":1,"stat.playOneMinute":44116,"stat.pickup.minecraft.torch":13,"stat.pickup.thaumcraft.brain":2,"stat.sneakTime":257,"stat.pickup.minecraft.wool":5,"stat.pickup.minecraft.rabbit":31,"stat.craftItem.minecraft.cobblestone":5,"stat.mineBlock.minecraft.stone":2611}