{"stat.pickup.minecraft.wooden_slab":1,"stat.leaveGame":1,"stat.mineBlock.thaumcraft.ore_quartz":1,"stat.killEntity.Blaze":1,"stat.useItem.chancecubes.chance_cube":14,"stat.useItem.minecraft.poisonous_potato":1,"stat.killEntity.PigZombie":8,"stat.drop.exnihilocreatio.item_pebble":8,"stat.useItem.minecraft.planks":5,"stat.mineBlock.minecraft.web":13,"stat.entityKilledBy.PigZombie":1,"stat.mineBlock.immersiveengineering.ore":3,"stat.mineBlock.gravestone.gravestone":4,"stat.useItem.minecraft.water_bucket":8,"stat.pickup.minecraft.rotten_flesh":8,"stat.drop.minecraft.poisonous_potato":1,"stat.pickup.minecraft.sand":14,"stat.drop.hatchery.chickenmanure":2,"stat.pickup.minecraft.bucket":2,"stat.pickup.exnihilocreatio.item_pebble":592,"stat.mineBlock.minecraft.wooden_slab":1,"stat.pickup.integrateddynamics.menril_sapling":7,"stat.pickup.exnihilocreatio.item_ore_copper":1,"stat.useItem.exnihilocreatio.item_material":3,"stat.hopperInspected":3,"stat.drop.minecraft.diamond":3,"stat.useItem.minecraft.spawn_egg":2,"stat.pickup.excompressum.heavy_sieve":2,"stat.drop.immersiveengineering.seed":1,"stat.drop.harvestcraft.epicbaconitem":1,"stat.pickup.enderio.item_basic_capacitor":2,"stat.craftItem.thermalcultivation.watering_can":1,"stat.pickup.thermalfoundation.material":18,"stat.mineBlock.chancecubes.chance_cube":16,"stat.furnaceInteraction":19,"stat.drop.minecraft.gravel":5,"stat.useItem.chickens.spawn_egg":1,"stat.pickup.actuallyadditions.item_solidified_experience":19,"stat.pickup.minecraft.sponge":1,"stat.craftItem.roost.breeder":4,"stat.pickup.chickens.colored_egg":1,"stat.useItem.exnihilocreatio.item_cooked_silkworm":1,"stat.pickup.extrautils2.compressedsand":12,"stat.pickup.minecraft.iron_chestplate":1,"stat.useItem.minecraft.fence":19,"stat.pickup.minecraft.skull":3,"stat.pickup.chancecubes.chance_cube":9,"stat.mineBlock.minecraft.fence":1,"stat.useItem.minecraft.wheat_seeds":104,"stat.pickup.minecraft.pumpkin_seeds":3,"stat.drop.minecraft.iron_horse_armor":1,"stat.pickup.minecraft.emerald":2,"stat.pickup.cyclicmagic.tool_torch_launcher":8,"stat.useItem.roost.roost":3,"stat.deaths":4,"stat.drop.randomthings.timeinabottle":2,"stat.pickup.minecraft.egg":7,"stat.playOneMinute":187466,"stat.pickup.minecraft.blaze_rod":1,"stat.pickup.exnihilocreatio.hammer_diamond":2,"stat.mineBlock.minecraft.tallgrass":42,"stat.chestOpened":103,"stat.useItem.minecraft.cooked_rabbit":8,"stat.craftItem.roost.roost":6,"stat.drop.cyclicmagic.tool_torch_launcher":3,"stat.drop.thermalcultivation.watering_can":2,"stat.pickup.minecraft.gold_nugget":3,"stat.craftItem.minecraft.iron_hoe":1,"stat.useItem.roost.breeder":1,"stat.fallOneCm":18003,"stat.drop.minecraft.stone":1,"stat.useItem.minecraft.rabbit":4,"stat.crouchOneCm":30749,"stat.craftItem.minecraft.chest":4,"stat.useItem.minecraft.iron_hoe":126,"stat.craftingTableInteraction":12,"stat.pickup.minecraft.feather":4,"stat.drop.minecraft.bone":14,"stat.useItem.harvestcraft.epicbaconitem":12,"stat.pickup.minecraft.dye":13,"stat.pickup.minecraft.planks":5,"stat.pickup.minecraft.iron_leggings":1,"stat.pickup.minecraft.wheat_seeds":372,"stat.pickup.thermalfoundation.glass":8,"stat.mineBlock.minecraft.gravel":62,"stat.drop.actuallyadditions.item_rice_seed":1,"stat.mineBlock.minecraft.glass":4,"stat.craftItem.minecraft.iron_leggings":1,"stat.killEntity.Rabbit":20,"stat.craftItem.roost.catcher":1,"stat.useItem.minecraft.wool":8,"stat.pickup.chickens.analyzer":1,"stat.mineBlock.minecraft.dirt":5,"stat.pickup.minecraft.poisonous_potato":2,"stat.pickup.exnihilocreatio.item_mesh":7,"stat.useItem.chickens.colored_egg":1,"stat.pickup.immersiveengineering.seed":2,"stat.drop.minecraft.rotten_flesh":3,"stat.drop.excompressum.bait":2,"stat.useItem.minecraft.cobblestone":163,"stat.useItem.minecraft.gravel":64,"stat.pickup.minecraft.iron_hoe":2,"stat.drop.thermalfoundation.glass":8,"stat.pickup.excompressum.bait":3,"stat.mineBlock.minecraft.emerald_ore":2,"stat.pickup.minecraft.redstone_block":27,"stat.pickup.minecraft.log":63,"stat.pickup.randomthings.timeinabottle":2,"stat.pickup.minecraft.hopper":6,"stat.pickup.minecraft.chicken":56,"stat.pickup.roost.chicken":31,"stat.pickup.minecraft.end_stone":4,"stat.useItem.exnihilocreatio.hammer_diamond":143,"stat.craftItem.minecraft.bucket":2,"stat.craftItem.minecraft.planks":184,"stat.pickup.roost.catcher":2,"stat.useItem.roost.chicken":9,"stat.pickup.minecraft.red_flower":1,"stat.sneakTime":6350,"stat.pickup.minecraft.wool":110,"stat.pickup.exnihilocreatio.block_sieve":2,"stat.pickup.minecraft.rabbit":31,"stat.drop.minecraft.bucket":1,"stat.pickup.minecraft.yellow_flower":5,"stat.craftItem.minecraft.cobblestone":5,"stat.pickup.harvestcraft.epicbaconitem":12,"stat.pickup.immersiveengineering.ore":3,"stat.pickup.minecraft.bone":23,"stat.craftItem.minecraft.cooked_rabbit":8,"stat.drop.thermalinnovation.drill":1,"stat.mineBlock.minecraft.cobblestone":83,"stat.pickup.minecraft.flint":14,"stat.mineBlock.minecraft.yellow_flower":5,"stat.pickup.thermalinnovation.drill":2,"stat.craftItem.minecraft.wool":16,"stat.swimOneCm":751,"stat.craftItem.minecraft.clock":3,"stat.drop.roost.catcher":1,"stat.drop.minecraft.cobblestone":167,"stat.pickup.chickens.spawn_egg":2,"stat.useItem.minecraft.dirt":152,"stat.useItem.minecraft.stone_slab2":87,"stat.pickup.minecraft.iron_boots":2,"stat.pickup.thermalfoundation.ore":7,"stat.pickup.tp.watering_can":1,"stat.craftItem.exnihilocreatio.hammer_diamond":1,"stat.useItem.minecraft.egg":6,"stat.craftItem.minecraft.iron_boots":1,"stat.pickup.minecraft.cobblestone":4939,"stat.useItem.tp.emerald_spear":95,"stat.mineBlock.minecraft.carpet":12,"stat.mineBlock.minecraft.redstone_block":9,"stat.flyOneCm":553333,"stat.craftItem.minecraft.glass_bottle":3,"stat.pickup.minecraft.glass_bottle":1,"stat.pickup.minecraft.fish":2,"stat.drop.minecraft.wheat_seeds":1,"stat.drop.actuallyadditions.item_solidified_experience":1,"stat.pickup.minecraft.redstone":5,"stat.mineBlock.minecraft.iron_ore":1,"stat.timeSinceDeath":14978,"stat.drop.minecraft.log":6,"stat.pickup.actuallyadditions.item_rice_seed":6,"stat.killEntity.Bat":4,"stat.pickup.hatchery.chickenmanure":99,"stat.useItem.minecraft.potato":2,"stat.pickup.minecraft.nether_wart":4,"stat.mineBlock.thermalfoundation.ore":7,"stat.pickup.plustic.laser_gun":4,"stat.drop.minecraft.dirt":192,"stat.pickup.minecraft.carpet":64,"stat.drop.minecraft.beetroot_seeds":1,"stat.mineBlock.minecraft.coal_ore":5,"stat.pickup.minecraft.string":86,"stat.entityKilledBy.Skeleton":1,"stat.craftItem.minecraft.stone_slab2":0,"stat.sprintOneCm":441213,"stat.craftItem.minecraft.stick":56,"stat.drop.thermalexpansion.reservoir":1,"stat.mineBlock.mekanism.oreblock":1,"stat.pickup.cyclicmagic.ender_pearl_mounted":2,"stat.pickup.extrautils2.passivegenerator":2,"stat.pickup.exnihilocreatio.item_material":6,"stat.mineBlock.minecraft.diamond_ore":3,"stat.useItem.thermalinnovation.drill":1,"stat.pickup.minecraft.spawn_egg":3,"stat.mineBlock.minecraft.planks":6,"stat.useItem.thermalfoundation.tool.hammer_invar":79,"stat.drop":55,"stat.pickup.minecraft.stone_button":3,"stat.killEntity.Zombie":2,"stat.craftItem.exnihilocreatio.item_ore_copper":14,"stat.diveOneCm":1195,"stat.pickup.minecraft.wheat":288,"stat.killEntity.BrainyZombie":2,"stat.pickup.minecraft.gravel":111,"stat.useItem.minecraft.chicken":11,"stat.useItem.minecraft.apple":4,"stat.craftItem.harvestcraft.market":1,"stat.pickup.exnihilocreatio.item_seed_sugarcane":1,"stat.useItem.minecraft.rotten_flesh":2,"stat.jump":2630,"stat.pickup.minecraft.fence":4,"stat.pickup.minecraft.iron_helmet":2,"stat.pickup.minecraft.coal":4,"stat.pickup.minecraft.iron_ingot":41,"stat.pickup.minecraft.dirt":765,"stat.pickup.exchangers.resonant_exchanger":1,"stat.pickup.minecraft.iron_ore":1,"stat.mineBlock.minecraft.lapis_ore":2,"stat.pickup.actuallyadditions.item_flax_seed":5,"stat.pickup.actuallyadditions.item_coffee_seed":7,"stat.pickup.minecraft.cookie":6,"stat.craftItem.randomthings.timeinabottle":2,"stat.damageTaken":1710,"stat.pickup.minecraft.leather":8,"stat.drop.minecraft.iron_hoe":1,"stat.mineBlock.minecraft.torch":8,"stat.mineBlock.minecraft.red_flower":2,"stat.useItem.thaumcraft.brain":1,"stat.pickup.mysticalagriculture.crafting":35,"stat.killEntity.CaveSpider":1,"stat.pickup.exnihilocreatio.item_seed_potato":2,"stat.pickup.minecraft.potato":29,"stat.pickup.minecraft.oak_stairs":4,"stat.pickup.minecraft.rabbit_hide":36,"stat.pickup.thermalexpansion.reservoir":2,"stat.damageDealt":7576,"stat.pickup.actuallyadditions.item_canola_seed":8,"stat.mineBlock.excompressum.heavy_sieve":2,"stat.useItem.hatchery.chickenmanure":31,"stat.walkOneCm":609016,"stat.useItem.minecraft.chest":1,"stat.pickup.thermalfoundation.tool.hammer_invar":4,"stat.pickup.minecraft.stick":40,"stat.pickup.mekanism.oreblock":1,"stat.pickup.minecraft.rabbit_foot":12,"stat.pickup.minecraft.tnt":3,"stat.pickup.minecraft.stone":1,"stat.craftItem.minecraft.iron_chestplate":1,"stat.mineBlock.minecraft.wool":2,"stat.craftItem.minecraft.hay_block":30,"stat.craftItem.tp.watering_can":1,"stat.pickup.thermalcultivation.watering_can":3,"stat.mineBlock.minecraft.tnt":8,"stat.killEntity.Chicken":1,"stat.pickup.tp.emerald_spear":1,"stat.killEntity.Spider":1,"stat.mineBlock.minecraft.quartz_ore":2,"stat.mobKills":91,"stat.pickup.minecraft.quartz":5,"stat.craftItem.minecraft.fence":21,"stat.pickup.minecraft.diamond":2,"stat.pickup.minecraft.beetroot_seeds":7,"stat.pickup.minecraft.iron_horse_armor":2,"stat.pickup.ftbquests.lootcrate":7,"stat.pickup.minecraft.torch":33,"stat.pickup.thaumcraft.brain":2,"stat.mineBlock.minecraft.redstone_ore":1,"stat.drop.exnihilocreatio.item_mesh":3,"stat.mineBlock.minecraft.stone":2900,"stat.mineBlock.exnihilocreatio.block_sieve":2,"stat.useItem.randomthings.timeinabottle":36}