{"stat.drop.extrautils2.filter":2,"stat.pickup.minecraft.wooden_slab":1,"stat.leaveGame":1,"stat.mineBlock.thaumcraft.ore_quartz":1,"stat.craftItem.minecraft.iron_axe":1,"stat.killEntity.Blaze":2,"stat.useItem.chancecubes.chance_cube":14,"stat.mineBlock.minecraft.sandstone":3,"stat.useItem.minecraft.poisonous_potato":1,"stat.killEntity.PigZombie":8,"stat.drop.exnihilocreatio.item_pebble":8,"stat.useItem.minecraft.planks":6,"stat.mineBlock.minecraft.web":14,"stat.pickup.minecraft.glowstone_dust":2,"stat.entityKilledBy.PigZombie":1,"stat.mineBlock.immersiveengineering.ore":3,"stat.pickup.minecraft.glass":1,"stat.mineBlock.gravestone.gravestone":4,"stat.useItem.minecraft.water_bucket":12,"stat.pickup.minecraft.rotten_flesh":8,"stat.drop.minecraft.poisonous_potato":1,"stat.pickup.exnihilocreatio.block_dust":1,"stat.pickup.minecraft.sand":153,"stat.drop.hatchery.chickenmanure":3,"stat.pickup.minecraft.bucket":3,"stat.useItem.tp.bsc_iron_sword":24,"stat.pickup.exnihilocreatio.item_pebble":592,"stat.mineBlock.minecraft.wooden_slab":1,"stat.pickup.integrateddynamics.menril_sapling":7,"stat.mineBlock.minecraft.sand":2,"stat.pickup.exnihilocreatio.item_ore_copper":27,"stat.craftItem.excompressum.bait":2,"stat.useItem.exnihilocreatio.item_material":3,"stat.hopperInspected":11,"stat.drop.minecraft.diamond":3,"stat.useItem.minecraft.spawn_egg":2,"stat.pickup.excompressum.heavy_sieve":2,"stat.drop.immersiveengineering.seed":1,"stat.drop.harvestcraft.epicbaconitem":1,"stat.pickup.enderio.item_basic_capacitor":2,"stat.craftItem.thermalcultivation.watering_can":1,"stat.pickup.thermalfoundation.material":20,"stat.mineBlock.chancecubes.chance_cube":16,"stat.furnaceInteraction":20,"stat.drop.minecraft.gravel":5,"stat.useItem.chickens.spawn_egg":1,"stat.pickup.actuallyadditions.item_solidified_experience":32,"stat.pickup.minecraft.sponge":1,"stat.craftItem.roost.breeder":25,"stat.pickup.chickens.colored_egg":1,"stat.useItem.exnihilocreatio.item_cooked_silkworm":1,"stat.pickup.extrautils2.compressedsand":12,"stat.pickup.exnihilocreatio.item_ore_iron":14,"stat.pickup.minecraft.iron_chestplate":1,"stat.useItem.minecraft.fence":19,"stat.pickup.minecraft.skull":3,"stat.pickup.exnihilocreatio.item_ore_osmium":12,"stat.pickup.chancecubes.chance_cube":9,"stat.mineBlock.minecraft.fence":1,"stat.useItem.minecraft.wheat_seeds":104,"stat.craftItem.ironchest.iron_chest":36,"stat.pickup.minecraft.pumpkin_seeds":3,"stat.drop.minecraft.iron_horse_armor":1,"stat.pickup.exnihilocreatio.item_ore_nickel":2,"stat.useItem.minecraft.hopper":35,"stat.pickup.minecraft.emerald":2,"stat.pickup.cyclicmagic.tool_torch_launcher":8,"stat.useItem.roost.roost":25,"stat.pickup.ironchest.iron_chest":1,"stat.deaths":4,"stat.drop.randomthings.timeinabottle":2,"stat.pickup.minecraft.egg":15,"stat.playOneMinute":325166,"stat.pickup.minecraft.blaze_rod":1,"stat.drop.roost.breeder":8,"stat.pickup.exnihilocreatio.hammer_diamond":2,"stat.mineBlock.minecraft.tallgrass":42,"stat.chestOpened":193,"stat.useItem.minecraft.cooked_rabbit":8,"stat.pickup.roost.breeder":6,"stat.craftItem.roost.roost":18,"stat.drop.cyclicmagic.tool_torch_launcher":3,"stat.drop.thermalcultivation.watering_can":2,"stat.drop.minecraft.flint":65,"stat.pickup.minecraft.gold_nugget":3,"stat.craftItem.minecraft.iron_hoe":1,"stat.useItem.roost.breeder":9,"stat.fallOneCm":18204,"stat.drop.minecraft.stone":1,"stat.drop.minecraft.dye":4,"stat.useItem.minecraft.rabbit":4,"stat.crouchOneCm":34820,"stat.craftItem.minecraft.chest":76,"stat.useItem.minecraft.iron_hoe":126,"stat.craftItem.minecraft.hopper":24,"stat.craftingTableInteraction":12,"stat.pickup.minecraft.feather":19,"stat.drop.minecraft.bone":14,"stat.useItem.harvestcraft.epicbaconitem":15,"stat.pickup.minecraft.dye":234,"stat.pickup.minecraft.planks":8,"stat.pickup.minecraft.iron_leggings":1,"stat.pickup.minecraft.wheat_seeds":556,"stat.pickup.thermalfoundation.glass":8,"stat.pickup.enderio.item_material":6,"stat.mineBlock.roost.breeder":6,"stat.mineBlock.minecraft.gravel":62,"stat.drop.actuallyadditions.item_rice_seed":1,"stat.mineBlock.minecraft.glass":4,"stat.craftItem.minecraft.iron_leggings":1,"stat.killEntity.Rabbit":20,"stat.craftItem.roost.catcher":2,"stat.useItem.minecraft.wool":8,"stat.pickup.chickens.analyzer":1,"stat.mineBlock.minecraft.dirt":5,"stat.drop.minecraft.reeds":2,"stat.pickup.minecraft.poisonous_potato":2,"stat.pickup.exnihilocreatio.item_mesh":7,"stat.useItem.chickens.colored_egg":1,"stat.pickup.immersiveengineering.seed":2,"stat.drop.minecraft.rotten_flesh":3,"stat.drop.excompressum.bait":2,"stat.useItem.ironchest.iron_chest":29,"stat.useItem.minecraft.cobblestone":315,"stat.craftItem.minecraft.crafting_table":2,"stat.useItem.minecraft.gravel":64,"stat.pickup.minecraft.iron_hoe":2,"stat.drop.thermalfoundation.glass":8,"stat.pickup.excompressum.bait":3,"stat.mineBlock.minecraft.emerald_ore":2,"stat.pickup.minecraft.redstone_block":27,"stat.pickup.minecraft.log":526,"stat.pickup.randomthings.timeinabottle":2,"stat.pickup.minecraft.hopper":6,"stat.pickup.minecraft.chicken":130,"stat.pickup.roost.chicken":118,"stat.pickup.minecraft.apple":3,"stat.pickup.minecraft.end_stone":4,"stat.useItem.exnihilocreatio.hammer_diamond":160,"stat.craftItem.minecraft.bucket":2,"stat.craftItem.minecraft.planks":1172,"stat.pickup.extrautils2.filter":2,"stat.pickup.roost.catcher":2,"stat.useItem.roost.chicken":126,"stat.pickup.minecraft.red_flower":1,"stat.sneakTime":7951,"stat.pickup.minecraft.wool":110,"stat.pickup.exnihilocreatio.block_sieve":2,"stat.pickup.minecraft.rabbit":31,"stat.drop.minecraft.bucket":1,"stat.pickup.minecraft.yellow_flower":5,"stat.craftItem.minecraft.cobblestone":5,"stat.pickup.harvestcraft.epicbaconitem":12,"stat.pickup.immersiveengineering.ore":3,"stat.pickup.minecraft.bone":29,"stat.craftItem.minecraft.cooked_rabbit":8,"stat.useItem.minecraft.iron_axe":8,"stat.drop.thermalinnovation.drill":1,"stat.mineBlock.minecraft.cobblestone":133,"stat.pickup.minecraft.flint":727,"stat.mineBlock.minecraft.yellow_flower":5,"stat.pickup.thermalinnovation.drill":2,"stat.drop.thermalfoundation.material":1,"stat.craftItem.minecraft.wool":16,"stat.pickup.exnihilocreatio.item_ore_lead":57,"stat.swimOneCm":4872,"stat.craftItem.minecraft.clock":3,"stat.drop.roost.catcher":1,"stat.drop.minecraft.cobblestone":167,"stat.pickup.chickens.spawn_egg":2,"stat.useItem.minecraft.dirt":152,"stat.useItem.minecraft.cookie":7,"stat.drop.minecraft.quartz":4,"stat.mineBlock.ironchest.iron_chest":1,"stat.useItem.minecraft.stone_slab2":185,"stat.pickup.minecraft.iron_boots":2,"stat.pickup.thermalfoundation.ore":7,"stat.pickup.tp.watering_can":1,"stat.craftItem.exnihilocreatio.hammer_diamond":1,"stat.useItem.minecraft.egg":7,"stat.craftItem.minecraft.iron_boots":1,"stat.pickup.minecraft.cobblestone":5301,"stat.useItem.tp.emerald_spear":171,"stat.mineBlock.minecraft.carpet":12,"stat.mineBlock.minecraft.redstone_block":9,"stat.flyOneCm":1218671,"stat.craftItem.minecraft.glass_bottle":3,"stat.drop.minecraft.iron_helmet":1,"stat.pickup.minecraft.glass_bottle":1,"stat.pickup.appliedenergistics2.material":10,"stat.pickup.minecraft.fish":2,"stat.drop.minecraft.wheat_seeds":1,"stat.pickup.minecraft.cactus":4,"stat.drop.actuallyadditions.item_solidified_experience":1,"stat.pickup.minecraft.redstone":11,"stat.mineBlock.minecraft.iron_ore":1,"stat.timeSinceDeath":152678,"stat.drop.minecraft.log":6,"stat.pickup.actuallyadditions.item_rice_seed":6,"stat.killEntity.Bat":4,"stat.pickup.hatchery.chickenmanure":128,"stat.useItem.minecraft.potato":2,"stat.pickup.minecraft.nether_wart":4,"stat.mineBlock.thermalfoundation.ore":7,"stat.pickup.plustic.laser_gun":4,"stat.drop.minecraft.dirt":192,"stat.pickup.minecraft.carpet":64,"stat.drop.minecraft.beetroot_seeds":1,"stat.mineBlock.minecraft.coal_ore":5,"stat.pickup.extrautils2.ingredients":2,"stat.pickup.minecraft.string":88,"stat.entityKilledBy.Skeleton":1,"stat.craftItem.minecraft.stone_slab2":0,"stat.pickup.exnihilocreatio.item_ore_aluminium":24,"stat.craftItem.tconstruct.tooltables":2,"stat.sprintOneCm":695896,"stat.craftItem.minecraft.stick":56,"stat.drop.thermalexpansion.reservoir":1,"stat.mineBlock.mekanism.oreblock":1,"stat.pickup.cyclicmagic.ender_pearl_mounted":2,"stat.pickup.extrautils2.passivegenerator":2,"stat.pickup.exnihilocreatio.item_material":6,"stat.mineBlock.minecraft.diamond_ore":3,"stat.useItem.minecraft.carrot":3,"stat.useItem.thermalinnovation.drill":1,"stat.pickup.minecraft.spawn_egg":3,"stat.mineBlock.minecraft.planks":8,"stat.useItem.thermalfoundation.tool.hammer_invar":105,"stat.drop":72,"stat.pickup.minecraft.stone_button":3,"stat.killEntity.Zombie":2,"stat.craftItem.minecraft.dye":3,"stat.craftItem.exnihilocreatio.item_ore_copper":14,"stat.diveOneCm":2339,"stat.pickup.minecraft.wheat":553,"stat.killEntity.BrainyZombie":2,"stat.pickup.minecraft.gravel":123,"stat.useItem.minecraft.chicken":20,"stat.useItem.minecraft.apple":4,"stat.craftItem.harvestcraft.market":1,"stat.mineBlock.minecraft.deadbush":1,"stat.pickup.exnihilocreatio.item_ore_tin":14,"stat.pickup.exnihilocreatio.item_seed_sugarcane":1,"stat.useItem.minecraft.rotten_flesh":5,"stat.jump":5044,"stat.useItem.minecraft.sand":2,"stat.pickup.tp.birthday_pickaxe":1,"stat.pickup.minecraft.fence":4,"stat.pickup.minecraft.iron_helmet":3,"stat.pickup.minecraft.coal":4,"stat.pickup.minecraft.iron_ingot":64,"stat.useItem.tp.birthday_pickaxe":256,"stat.mineBlock.roost.roost":6,"stat.pickup.tp.bsc_iron_sword":1,"stat.pickup.minecraft.dirt":765,"stat.pickup.exchangers.resonant_exchanger":1,"stat.useItem.minecraft.cooked_chicken":9,"stat.pickup.minecraft.iron_ore":1,"stat.mineBlock.minecraft.lapis_ore":2,"stat.pickup.actuallyadditions.item_flax_seed":5,"stat.pickup.actuallyadditions.item_coffee_seed":7,"stat.pickup.minecraft.cookie":22,"stat.craftItem.randomthings.timeinabottle":2,"stat.damageTaken":1730,"stat.pickup.minecraft.leather":8,"stat.drop.minecraft.iron_hoe":1,"stat.mineBlock.minecraft.torch":13,"stat.mineBlock.minecraft.red_flower":2,"stat.useItem.thaumcraft.brain":1,"stat.pickup.mysticalagriculture.crafting":49,"stat.pickup.minecraft.reeds":3,"stat.killEntity.CaveSpider":1,"stat.pickup.exnihilocreatio.item_ore_silver":1,"stat.pickup.exnihilocreatio.item_seed_potato":2,"stat.pickup.minecraft.potato":29,"stat.pickup.minecraft.oak_stairs":4,"stat.pickup.minecraft.rabbit_hide":36,"stat.pickup.thermalexpansion.reservoir":2,"stat.damageDealt":11196,"stat.pickup.actuallyadditions.item_canola_seed":8,"stat.mineBlock.excompressum.heavy_sieve":2,"stat.useItem.hatchery.chickenmanure":31,"stat.walkOneCm":927059,"stat.useItem.minecraft.chest":1,"stat.pickup.thermalfoundation.tool.hammer_invar":4,"stat.drop.minecraft.wheat":119,"stat.pickup.minecraft.stick":40,"stat.drop.appliedenergistics2.material":10,"stat.pickup.mekanism.oreblock":1,"stat.pickup.minecraft.rabbit_foot":12,"stat.pickup.minecraft.tnt":3,"stat.pickup.minecraft.stone":1,"stat.craftItem.minecraft.iron_chestplate":1,"stat.mineBlock.minecraft.wool":2,"stat.craftItem.minecraft.hay_block":119,"stat.pickup.minecraft.gold_ingot":4,"stat.craftItem.tp.watering_can":1,"stat.pickup.thermalcultivation.watering_can":3,"stat.mineBlock.minecraft.tnt":8,"stat.mineBlock.minecraft.cactus":1,"stat.killEntity.Chicken":4,"stat.pickup.tp.emerald_spear":1,"stat.killEntity.Spider":1,"stat.mineBlock.minecraft.quartz_ore":2,"stat.mobKills":164,"stat.pickup.minecraft.quartz":12,"stat.craftItem.minecraft.fence":21,"stat.pickup.minecraft.diamond":2,"stat.pickup.minecraft.beetroot_seeds":7,"stat.pickup.minecraft.iron_horse_armor":2,"stat.mineBlock.minecraft.leaves":2,"stat.pickup.ftbquests.lootcrate":13,"stat.pickup.minecraft.torch":41,"stat.pickup.thaumcraft.brain":2,"stat.mineBlock.minecraft.redstone_ore":1,"stat.drop.exnihilocreatio.item_mesh":3,"stat.pickup.roost.roost":14,"stat.mineBlock.minecraft.stone":3298,"stat.mineBlock.exnihilocreatio.block_sieve":2,"stat.useItem.randomthings.timeinabottle":252}