{"stat.chestOpened":35,"stat.pickup.harvestcraft.epicbaconitem":10,"stat.useItem.minecraft.cooked_rabbit":8,"stat.killEntity.BrainyZombie":2,"stat.craftItem.minecraft.cooked_rabbit":8,"stat.drop.cyclicmagic.tool_torch_launcher":3,"stat.pickup.minecraft.gravel":42,"stat.drop.thermalinnovation.drill":1,"stat.useItem.minecraft.apple":4,"stat.craftItem.harvestcraft.market":1,"stat.pickup.thermalinnovation.drill":2,"stat.craftItem.minecraft.wool":16,"stat.useItem.chancecubes.chance_cube":7,"stat.craftItem.minecraft.iron_hoe":1,"stat.jump":864,"stat.swimOneCm":226,"stat.pickup.minecraft.fence":4,"stat.pickup.minecraft.iron_helmet":1,"stat.fallOneCm":4836,"stat.drop.exnihilocreatio.item_pebble":8,"stat.drop.minecraft.cobblestone":100,"stat.useItem.minecraft.rabbit":4,"stat.crouchOneCm":1047,"stat.mineBlock.gravestone.gravestone":3,"stat.pickup.minecraft.dirt":367,"stat.useItem.minecraft.dirt":144,"stat.useItem.minecraft.stone_slab2":15,"stat.useItem.minecraft.iron_hoe":28,"stat.useItem.minecraft.water_bucket":1,"stat.craftingTableInteraction":3,"stat.pickup.minecraft.rotten_flesh":5,"stat.craftItem.exnihilocreatio.hammer_diamond":1,"stat.pickup.minecraft.cookie":6,"stat.useItem.minecraft.egg":3,"stat.damageTaken":432,"stat.pickup.minecraft.leather":8,"stat.pickup.minecraft.feather":4,"stat.drop.hatchery.chickenmanure":2,"stat.pickup.minecraft.bucket":1,"stat.mineBlock.minecraft.torch":6,"stat.pickup.exnihilocreatio.item_pebble":244,"stat.useItem.harvestcraft.epicbaconitem":2,"stat.pickup.minecraft.cobblestone":4470,"stat.useItem.thaumcraft.brain":1,"stat.pickup.mysticalagriculture.crafting":18,"stat.mineBlock.minecraft.redstone_block":9,"stat.flyOneCm":197732,"stat.pickup.integrateddynamics.menril_sapling":4,"stat.pickup.minecraft.rabbit_hide":36,"stat.mineBlock.minecraft.gravel":49,"stat.mineBlock.minecraft.glass":4,"stat.killEntity.Rabbit":20,"stat.damageDealt":1831,"stat.craftItem.roost.catcher":1,"stat.useItem.minecraft.wool":4,"stat.timeSinceDeath":4781,"stat.hopperInspected":1,"stat.pickup.actuallyadditions.item_canola_seed":2,"stat.mineBlock.minecraft.dirt":3,"stat.useItem.minecraft.spawn_egg":2,"stat.killEntity.Bat":4,"stat.walkOneCm":200769,"stat.pickup.hatchery.chickenmanure":2,"stat.pickup.thermalfoundation.tool.hammer_invar":3,"stat.pickup.minecraft.stick":40,"stat.drop.minecraft.rotten_flesh":3,"stat.pickup.thermalfoundation.material":12,"stat.pickup.plustic.laser_gun":3,"stat.useItem.minecraft.cobblestone":5,"stat.mineBlock.chancecubes.chance_cube":8,"stat.furnaceInteraction":11,"stat.drop.minecraft.gravel":5,"stat.useItem.minecraft.gravel":52,"stat.drop.minecraft.dirt":192,"stat.drop.minecraft.beetroot_seeds":1,"stat.pickup.minecraft.iron_hoe":1,"stat.pickup.minecraft.rabbit_foot":12,"stat.pickup.minecraft.redstone_block":27,"stat.pickup.minecraft.string":4,"stat.pickup.minecraft.log":41,"stat.pickup.minecraft.tnt":3,"stat.entityKilledBy.Skeleton":1,"stat.craftItem.minecraft.stone_slab2":0,"stat.useItem.exnihilocreatio.item_cooked_silkworm":1,"stat.pickup.minecraft.hopper":6,"stat.pickup.extrautils2.compressedsand":12,"stat.pickup.minecraft.chicken":2,"stat.pickup.roost.chicken":2,"stat.sprintOneCm":163928,"stat.useItem.minecraft.fence":19,"stat.pickup.minecraft.skull":1,"stat.craftItem.minecraft.stick":56,"stat.useItem.exnihilocreatio.hammer_diamond":55,"stat.pickup.cyclicmagic.ender_pearl_mounted":2,"stat.mineBlock.minecraft.tnt":8,"stat.pickup.chancecubes.chance_cube":3,"stat.craftItem.minecraft.planks":60,"stat.killEntity.Chicken":1,"stat.mineBlock.minecraft.fence":1,"stat.killEntity.Spider":1,"stat.pickup.minecraft.pumpkin_seeds":2,"stat.useItem.thermalinnovation.drill":1,"stat.pickup.roost.catcher":1,"stat.mobKills":29,"stat.pickup.cyclicmagic.tool_torch_launcher":6,"stat.craftItem.minecraft.fence":21,"stat.pickup.minecraft.spawn_egg":3,"stat.deaths":3,"stat.useItem.thermalfoundation.tool.hammer_invar":42,"stat.drop":26,"stat.pickup.minecraft.egg":1,"stat.pickup.minecraft.beetroot_seeds":3,"stat.pickup.ftbquests.lootcrate":1,"stat.playOneMinute":56716,"stat.pickup.minecraft.torch":18,"stat.pickup.thaumcraft.brain":2,"stat.sneakTime":289,"stat.pickup.exnihilocreatio.hammer_diamond":1,"stat.pickup.minecraft.wool":17,"stat.pickup.minecraft.rabbit":31,"stat.craftItem.minecraft.cobblestone":5,"stat.mineBlock.minecraft.stone":2710}