{"stat.chestOpened":5,"stat.flyOneCm":18891,"stat.walkOneCm":16028,"stat.jump":95,"stat.playOneMinute":6316,"stat.fallOneCm":1374,"stat.sneakTime":54,"stat.pickup.thermalfoundation.material":4,"stat.damageDealt":8,"stat.mineBlock.chancecubes.chance_cube":3,"stat.crouchOneCm":155,"stat.pickup.extrautils2.compressedsand":4,"stat.timeSinceDeath":6316,"stat.pickup.exnihilocreatio.item_pebble":20,"stat.sprintOneCm":8331,"stat.useItem.minecraft.stone_slab2":3,"stat.craftItem.minecraft.cobblestone":5,"stat.useItem.chancecubes.chance_cube":4}