{"stat.craftItem.stonechest.chest_cobblestone":3,"stat.drop.ftbquests.book":1,"stat.walkOneCm":329895,"stat.craftItem.minecraft.bed":2,"stat.craftItem.stonechest.part_cobblestone":11,"stat.pickup.minecraft.gravel":63,"stat.mineBlock.minecraft.cobblestone":63,"stat.useItem.minecraft.cobblestone":58,"stat.pickup.tp.plump_pear":1,"stat.drop.exnihilocreatio.item_material":13,"stat.furnaceInteraction":3,"stat.useItem.minecraft.gravel":59,"stat.pickup.stonechest.part_cobblestone":1,"stat.useItem.minecraft.apple":3,"stat.craftItem.minecraft.wool":6,"stat.pickup.minecraft.log":101,"stat.pickup.minecraft.string":158,"stat.drop.minecraft.apple":2,"stat.useItem.minecraft.sand":1,"stat.jump":269,"stat.fallOneCm":1424,"stat.craftItem.exnihilocreatio.hammer_stone":1,"stat.pickup.minecraft.furnace":2,"stat.useItem.tp.birthday_pickaxe":4399,"stat.useItem.minecraft.stone_axe":79,"stat.craftItem.minecraft.stone_slab2":0,"stat.pickup.tp.plump_peach":1,"stat.useItem.exnihilocreatio.item_cooked_silkworm":3,"stat.craftItem.tconstruct.stone_stick":4,"stat.crouchOneCm":21,"stat.useItem.tp.plump_peach":1,"stat.pickup.minecraft.sapling":111,"stat.pickup.exnihilocreatio.item_cooked_silkworm":6,"stat.pickup.minecraft.dirt":63,"stat.useItem.minecraft.dirt":61,"stat.sprintOneCm":34835,"stat.useItem.minecraft.stone_slab2":19,"stat.drop.actuallyadditions.item_spawner_changer":1,"stat.pickup.minecraft.apple":5,"stat.drop.environmentaltech.void_ore_miner_cont_1":1,"stat.craftItem.stoneblockutilities.crook_stone":3,"stat.craftItem.minecraft.stick":24,"stat.pickup.exnihilocreatio.block_dust":1,"stat.pickup.minecraft.sand":5,"stat.craftItem.minecraft.furnace":8,"stat.useItem.minecraft.sapling":34,"stat.useItem.stonechest.chest_cobblestone":1,"stat.useItem.minecraft.bed":1,"stat.pickup.exnihilocreatio.item_material":36,"stat.craftItem.minecraft.planks":188,"stat.craftItem.minecraft.stone_axe":3,"stat.useItem.tp.plump_pear":1,"stat.damageTaken":30,"stat.mineBlock.minecraft.furnace":2,"stat.mineBlock.minecraft.torch":1,"stat.craftItem.minecraft.stone_pickaxe":5,"stat.useItem.minecraft.furnace":2,"stat.pickup.exnihilocreatio.item_pebble":340,"stat.pickup.excompressum.wood_chippings":3,"stat.pickup.minecraft.cobblestone":4440,"stat.mineBlock.minecraft.sapling":4,"stat.mineBlock.minecraft.log":81,"stat.useItem.exnihilocreatio.hammer_stone":139,"stat.mineBlock.exnihilocreatio.block_infested_leaves":115,"stat.flyOneCm":16724,"stat.drop":19,"stat.mineBlock.minecraft.sand":1,"stat.mineBlock.minecraft.leaves":518,"stat.playOneMinute":104101,"stat.mineBlock.minecraft.gravel":63,"stat.pickup.minecraft.torch":9,"stat.useItem.minecraft.stone_pickaxe":463,"stat.sneakTime":958,"stat.drop.minecraft.stone_axe":1,"stat.useItem.exnihilocreatio.item_material":6,"stat.timeSinceDeath":104101,"stat.pickup.exnihilocreatio.hammer_stone":1,"stat.pickup.petrock.stoneium":1,"stat.mineBlock.minecraft.dirt":5,"stat.craftItem.exnihilocreatio.item_cooked_silkworm":13,"stat.craftItem.minecraft.cobblestone":53,"stat.mineBlock.minecraft.stone":4863,"stat.pickup.ftbquests.book":1,"stat.useItem.stoneblockutilities.crook_stone":1163}