{"stat.chestOpened":2,"stat.drop.ftbquests.book":1,"stat.craftItem.stonechest.part_cobblestone":11,"stat.pickup.minecraft.gravel":67,"stat.mineBlock.minecraft.cobblestone":63,"stat.pickup.minecraft.stone_pickaxe":1,"stat.pickup.stonechest.part_cobblestone":1,"stat.useItem.minecraft.apple":3,"stat.mineBlock.actuallyadditions.block_misc":10,"stat.craftItem.minecraft.wool":6,"stat.mineBlock.appliedenergistics2.quartz_ore":2,"stat.drop.minecraft.apple":2,"stat.useItem.minecraft.sand":1,"stat.jump":342,"stat.pickup.minecraft.coal":67,"stat.fallOneCm":1424,"stat.useItem.tp.birthday_pickaxe":4489,"stat.useItem.minecraft.stone_axe":79,"stat.pickup.tp.plump_peach":1,"stat.crouchOneCm":21,"stat.craftItem.minecraft.chest":2,"stat.craftItem.minecraft.iron_ingot":6,"stat.pickup.minecraft.dirt":63,"stat.useItem.minecraft.dirt":61,"stat.useItem.minecraft.stone_slab2":26,"stat.drop.actuallyadditions.item_spawner_changer":1,"stat.pickup.actuallyadditions.block_misc":10,"stat.craftItem.stoneblockutilities.crook_stone":3,"stat.pickup.minecraft.iron_ore":17,"stat.craftingTableInteraction":3,"stat.pickup.exnihilocreatio.block_dust":1,"stat.pickup.minecraft.sand":5,"stat.craftItem.minecraft.furnace":9,"stat.useItem.minecraft.sapling":34,"stat.pickup.thermalfoundation.ore":32,"stat.pickup.minecraft.gold_ore":16,"stat.mineBlock.minecraft.lapis_ore":5,"stat.useItem.stonechest.chest_cobblestone":1,"stat.craftItem.minecraft.stone_axe":3,"stat.useItem.tp.plump_pear":1,"stat.damageTaken":30,"stat.mineBlock.minecraft.furnace":2,"stat.mineBlock.minecraft.torch":3,"stat.craftItem.minecraft.stone_pickaxe":5,"stat.useItem.minecraft.furnace":2,"stat.pickup.exnihilocreatio.item_pebble":340,"stat.pickup.excompressum.wood_chippings":3,"stat.pickup.minecraft.cobblestone":4962,"stat.mineBlock.minecraft.sapling":4,"stat.pickup.minecraft.dye":28,"stat.useItem.exnihilocreatio.hammer_stone":139,"stat.mineBlock.exnihilocreatio.block_infested_leaves":115,"stat.flyOneCm":17322,"stat.pickup.appliedenergistics2.material":3,"stat.mineBlock.minecraft.sand":1,"stat.mineBlock.minecraft.gravel":66,"stat.useItem.minecraft.stone_pickaxe":656,"stat.pickup.minecraft.redstone":75,"stat.mineBlock.minecraft.iron_ore":17,"stat.useItem.exnihilocreatio.item_material":6,"stat.timeSinceDeath":128401,"stat.pickup.exnihilocreatio.hammer_stone":1,"stat.mineBlock.minecraft.dirt":5,"stat.useItem.minecraft.iron_pickaxe":368,"stat.useItem.stoneblockutilities.crook_stone":1163,"stat.craftItem.stonechest.chest_cobblestone":3,"stat.walkOneCm":366316,"stat.craftItem.minecraft.bed":2,"stat.useItem.minecraft.chest":1,"stat.mineBlock.thermalfoundation.ore":32,"stat.drop.exnihilocreatio.item_material":13,"stat.pickup.tp.plump_pear":1,"stat.useItem.minecraft.cobblestone":58,"stat.furnaceInteraction":5,"stat.craftItem.minecraft.crafting_table":1,"stat.useItem.minecraft.gravel":59,"stat.mineBlock.minecraft.coal_ore":67,"stat.mineBlock.minecraft.emerald_ore":2,"stat.pickup.extrautils2.ingredients":1,"stat.pickup.minecraft.log":101,"stat.pickup.minecraft.string":158,"stat.craftItem.exnihilocreatio.hammer_stone":1,"stat.pickup.minecraft.furnace":2,"stat.craftItem.minecraft.stone_slab2":0,"stat.pickup.minecraft.stone":38,"stat.useItem.exnihilocreatio.item_cooked_silkworm":3,"stat.craftItem.tconstruct.stone_stick":4,"stat.useItem.tp.plump_peach":1,"stat.pickup.minecraft.sapling":111,"stat.pickup.exnihilocreatio.item_cooked_silkworm":6,"stat.sprintOneCm":41640,"stat.pickup.stoneblockutilities.crook_stone":1,"stat.pickup.minecraft.apple":5,"stat.drop.environmentaltech.void_ore_miner_cont_1":1,"stat.craftItem.minecraft.stick":28,"stat.useItem.minecraft.bed":1,"stat.mineBlock.rftools.dimensional_shard_ore":5,"stat.pickup.exnihilocreatio.item_material":36,"stat.craftItem.minecraft.planks":188,"stat.pickup.thaumcraft.nugget":1,"stat.pickup.minecraft.emerald":2,"stat.pickup.cyclicmagic.tool_torch_launcher":2,"stat.mineBlock.minecraft.log":81,"stat.drop":19,"stat.mineBlock.minecraft.leaves":518,"stat.playOneMinute":128401,"stat.pickup.minecraft.torch":15,"stat.mineBlock.minecraft.redstone_ore":17,"stat.sneakTime":958,"stat.craftItem.minecraft.iron_pickaxe":2,"stat.drop.minecraft.stone_axe":1,"stat.pickup.rftools.dimensional_shard":19,"stat.pickup.petrock.stoneium":1,"stat.craftItem.exnihilocreatio.item_cooked_silkworm":13,"stat.craftItem.minecraft.cobblestone":53,"stat.mineBlock.minecraft.stone":5337,"stat.mineBlock.minecraft.gold_ore":16,"stat.pickup.ftbquests.book":1}