{"stat.chestOpened":2,"stat.drop.ftbquests.book":1,"stat.craftItem.stonechest.part_cobblestone":11,"stat.pickup.minecraft.gravel":141,"stat.mineBlock.minecraft.cobblestone":63,"stat.pickup.minecraft.stone_pickaxe":1,"stat.pickup.minecraft.flint":9,"stat.pickup.stonechest.part_cobblestone":1,"stat.useItem.minecraft.apple":3,"stat.mineBlock.actuallyadditions.block_misc":19,"stat.craftItem.minecraft.wool":6,"stat.mineBlock.appliedenergistics2.quartz_ore":2,"stat.drop.minecraft.apple":2,"stat.useItem.minecraft.sand":1,"stat.jump":360,"stat.pickup.minecraft.coal":87,"stat.fallOneCm":1424,"stat.useItem.tp.birthday_pickaxe":4489,"stat.useItem.minecraft.stone_axe":79,"stat.pickup.tp.plump_peach":1,"stat.crouchOneCm":21,"stat.craftItem.minecraft.chest":2,"stat.craftItem.minecraft.iron_ingot":17,"stat.pickup.minecraft.dirt":63,"stat.useItem.minecraft.dirt":61,"stat.useItem.minecraft.stone_slab2":29,"stat.drop.actuallyadditions.item_spawner_changer":1,"stat.pickup.actuallyadditions.block_misc":19,"stat.craftItem.stoneblockutilities.crook_stone":3,"stat.pickup.minecraft.iron_ore":17,"stat.craftingTableInteraction":5,"stat.pickup.exnihilocreatio.block_dust":1,"stat.pickup.minecraft.sand":5,"stat.craftItem.minecraft.furnace":10,"stat.useItem.minecraft.sapling":34,"stat.pickup.thermalfoundation.ore":53,"stat.pickup.minecraft.gold_ore":16,"stat.mineBlock.minecraft.lapis_ore":5,"stat.useItem.stonechest.chest_cobblestone":1,"stat.craftItem.minecraft.stone_axe":3,"stat.useItem.tp.plump_pear":1,"stat.damageTaken":30,"stat.mineBlock.minecraft.furnace":2,"stat.mineBlock.minecraft.torch":8,"stat.craftItem.minecraft.stone_pickaxe":5,"stat.useItem.minecraft.furnace":2,"stat.pickup.exnihilocreatio.item_pebble":340,"stat.pickup.excompressum.wood_chippings":3,"stat.pickup.minecraft.cobblestone":5143,"stat.mineBlock.minecraft.sapling":4,"stat.pickup.minecraft.dye":28,"stat.useItem.exnihilocreatio.hammer_stone":139,"stat.mineBlock.exnihilocreatio.block_infested_leaves":115,"stat.flyOneCm":17501,"stat.pickup.appliedenergistics2.material":3,"stat.mineBlock.minecraft.sand":1,"stat.mineBlock.minecraft.gravel":144,"stat.useItem.minecraft.stone_pickaxe":656,"stat.pickup.minecraft.redstone":75,"stat.mineBlock.minecraft.iron_ore":23,"stat.useItem.exnihilocreatio.item_material":6,"stat.timeSinceDeath":141001,"stat.pickup.exnihilocreatio.hammer_stone":1,"stat.mineBlock.minecraft.dirt":8,"stat.useItem.minecraft.iron_pickaxe":673,"stat.useItem.stoneblockutilities.crook_stone":1228,"stat.craftItem.stonechest.chest_cobblestone":3,"stat.walkOneCm":384206,"stat.craftItem.minecraft.bed":2,"stat.useItem.minecraft.chest":1,"stat.pickup.minecraft.stick":4,"stat.mineBlock.thermalfoundation.ore":53,"stat.drop.exnihilocreatio.item_material":13,"stat.pickup.tp.plump_pear":1,"stat.useItem.minecraft.cobblestone":60,"stat.furnaceInteraction":10,"stat.craftItem.minecraft.crafting_table":2,"stat.useItem.minecraft.gravel":59,"stat.mineBlock.minecraft.coal_ore":87,"stat.mineBlock.minecraft.emerald_ore":2,"stat.pickup.extrautils2.ingredients":1,"stat.pickup.minecraft.log":101,"stat.pickup.minecraft.string":158,"stat.craftItem.exnihilocreatio.hammer_stone":1,"stat.pickup.minecraft.furnace":2,"stat.craftItem.minecraft.stone_slab2":0,"stat.pickup.minecraft.stone":53,"stat.useItem.exnihilocreatio.item_cooked_silkworm":3,"stat.craftItem.tconstruct.stone_stick":4,"stat.useItem.tp.plump_peach":1,"stat.pickup.minecraft.sapling":111,"stat.pickup.exnihilocreatio.item_cooked_silkworm":6,"stat.sprintOneCm":43892,"stat.pickup.stoneblockutilities.crook_stone":2,"stat.pickup.minecraft.apple":5,"stat.drop.environmentaltech.void_ore_miner_cont_1":1,"stat.craftItem.minecraft.stick":36,"stat.useItem.minecraft.bed":1,"stat.mineBlock.rftools.dimensional_shard_ore":12,"stat.pickup.exnihilocreatio.item_material":36,"stat.craftItem.minecraft.planks":188,"stat.pickup.thaumcraft.nugget":1,"stat.pickup.minecraft.emerald":2,"stat.pickup.cyclicmagic.tool_torch_launcher":2,"stat.mineBlock.minecraft.log":81,"stat.drop":19,"stat.mineBlock.minecraft.leaves":518,"stat.playOneMinute":141001,"stat.pickup.minecraft.torch":23,"stat.mineBlock.minecraft.redstone_ore":17,"stat.sneakTime":990,"stat.craftItem.minecraft.iron_pickaxe":5,"stat.drop.minecraft.stone_axe":1,"stat.pickup.rftools.dimensional_shard":43,"stat.pickup.petrock.stoneium":1,"stat.craftItem.exnihilocreatio.item_cooked_silkworm":13,"stat.craftItem.minecraft.cobblestone":53,"stat.mineBlock.minecraft.stone":5560,"stat.mineBlock.minecraft.gold_ore":16,"stat.pickup.ftbquests.book":1}