{"stat.chestOpened":14,"stat.drop.ftbquests.book":1,"stat.drop.excompressum.compressed_hammer_stone":1,"stat.craftItem.exnihilocreatio.item_ore_osmium":7,"stat.craftItem.ceramics.unfired_clay":49,"stat.craftItem.stonechest.part_cobblestone":11,"stat.pickup.minecraft.gravel":713,"stat.mineBlock.minecraft.cobblestone":63,"stat.useItem.extrautils2.compressedcobblestone":63,"stat.pickup.minecraft.stone_pickaxe":1,"stat.pickup.minecraft.flint":102,"stat.pickup.stonechest.part_cobblestone":1,"stat.useItem.minecraft.apple":3,"stat.mineBlock.actuallyadditions.block_misc":19,"stat.craftItem.minecraft.wool":6,"stat.craftItem.excompressum.compressed_hammer_stone":1,"stat.pickup.exnihilocreatio.item_ore_tin":41,"stat.mineBlock.appliedenergistics2.quartz_ore":2,"stat.drop.minecraft.iron_pickaxe":1,"stat.drop.minecraft.apple":2,"stat.pickup.exnihilocreatio.item_ore_lead":28,"stat.craftItem.extrautils2.compressedcobblestone":64,"stat.craftItem.exnihilocreatio.block_crucible":7,"stat.mineBlock.extrautils2.compressedcobblestone":71,"stat.useItem.minecraft.sand":2,"stat.jump":453,"stat.pickup.minecraft.coal":173,"stat.fallOneCm":2320,"stat.useItem.tp.birthday_pickaxe":4489,"stat.useItem.minecraft.stone_axe":79,"stat.pickup.tp.plump_peach":1,"stat.crouchOneCm":334,"stat.pickup.minecraft.glass":20,"stat.craftItem.tconstruct.toolforge":2,"stat.craftItem.minecraft.chest":8,"stat.craftItem.minecraft.iron_ingot":17,"stat.pickup.minecraft.dirt":63,"stat.useItem.minecraft.dirt":61,"stat.craftItem.minecraft.iron_helmet":2,"stat.useItem.minecraft.stone_slab2":42,"stat.drop.actuallyadditions.item_spawner_changer":1,"stat.pickup.actuallyadditions.block_misc":19,"stat.craftItem.stoneblockutilities.crook_stone":3,"stat.pickup.minecraft.iron_ore":31,"stat.craftingTableInteraction":6,"stat.pickup.exnihilocreatio.block_dust":4,"stat.pickup.minecraft.sand":18,"stat.craftItem.minecraft.furnace":10,"stat.useItem.minecraft.sapling":34,"stat.pickup.thermalfoundation.ore":56,"stat.pickup.minecraft.gold_ore":22,"stat.mineBlock.minecraft.lapis_ore":6,"stat.useItem.stonechest.chest_cobblestone":1,"stat.craftItem.exnihilocreatio.item_ore_iron":49,"stat.craftItem.tconstruct.pattern":16,"stat.craftItem.minecraft.stone_axe":3,"stat.useItem.tp.plump_pear":1,"stat.damageTaken":40,"stat.mineBlock.minecraft.furnace":8,"stat.mineBlock.minecraft.torch":11,"stat.craftItem.minecraft.stone_pickaxe":5,"stat.useItem.minecraft.furnace":7,"stat.pickup.exnihilocreatio.item_pebble":340,"stat.pickup.excompressum.wood_chippings":3,"stat.pickup.tp.cooked_apple":9,"stat.craftItem.tconstruct.materials":21,"stat.pickup.minecraft.cobblestone":5264,"stat.mineBlock.minecraft.sapling":4,"stat.pickup.minecraft.dye":83,"stat.useItem.exnihilocreatio.hammer_stone":139,"stat.mineBlock.exnihilocreatio.block_infested_leaves":115,"stat.flyOneCm":32160,"stat.pickup.minecraft.clay":65,"stat.drop.minecraft.iron_helmet":1,"stat.pickup.appliedenergistics2.material":3,"stat.mineBlock.minecraft.sand":2,"stat.mineBlock.minecraft.gravel":152,"stat.useItem.minecraft.stone_pickaxe":656,"stat.pickup.exnihilocreatio.item_ore_copper":42,"stat.pickup.extrautils2.compressedgravel":12,"stat.damageDealt":140,"stat.pickup.minecraft.redstone":160,"stat.mineBlock.minecraft.iron_ore":37,"stat.useItem.exnihilocreatio.item_material":6,"stat.timeSinceDeath":190501,"stat.pickup.exnihilocreatio.hammer_stone":1,"stat.hopperInspected":7,"stat.mineBlock.minecraft.dirt":8,"stat.useItem.minecraft.iron_pickaxe":910,"stat.useItem.stoneblockutilities.crook_stone":1228,"stat.craftItem.stonechest.chest_cobblestone":3,"stat.craftItem.minecraft.iron_block":4,"stat.walkOneCm":445454,"stat.craftItem.minecraft.bed":2,"stat.useItem.minecraft.chest":5,"stat.pickup.minecraft.stick":4,"stat.craftItem.tconstruct.seared":5,"stat.mineBlock.thermalfoundation.ore":56,"stat.drop.exnihilocreatio.item_material":13,"stat.pickup.tp.plump_pear":1,"stat.useItem.minecraft.cobblestone":60,"stat.furnaceInteraction":39,"stat.craftItem.minecraft.crafting_table":6,"stat.craftItem.extrautils2.compressedgravel":56,"stat.useItem.minecraft.gravel":59,"stat.mineBlock.minecraft.coal_ore":87,"stat.mineBlock.minecraft.emerald_ore":2,"stat.pickup.extrautils2.ingredients":1,"stat.pickup.minecraft.log":101,"stat.pickup.minecraft.string":158,"stat.pickup.minecraft.iron_pickaxe":1,"stat.craftItem.exnihilocreatio.hammer_stone":10,"stat.pickup.minecraft.furnace":8,"stat.pickup.excompressum.compressed_hammer_stone":1,"stat.craftItem.minecraft.stone_slab2":0,"stat.pickup.exnihilocreatio.item_ore_aluminium":35,"stat.pickup.minecraft.stone":74,"stat.useItem.exnihilocreatio.item_cooked_silkworm":6,"stat.craftItem.tconstruct.stone_stick":4,"stat.useItem.tp.plump_peach":1,"stat.pickup.exnihilocreatio.item_ore_iron":196,"stat.pickup.minecraft.sapling":175,"stat.pickup.exnihilocreatio.item_cooked_silkworm":6,"stat.craftItem.tconstruct.tooltables":9,"stat.sprintOneCm":64738,"stat.pickup.stoneblockutilities.crook_stone":2,"stat.pickup.minecraft.apple":5,"stat.drop.environmentaltech.void_ore_miner_cont_1":1,"stat.pickup.exnihilocreatio.item_ore_osmium":29,"stat.craftItem.minecraft.stick":112,"stat.drop.minecraft.clay":1,"stat.drop.thermalfoundation.upgrade":1,"stat.useItem.minecraft.bed":1,"stat.mineBlock.rftools.dimensional_shard_ore":12,"stat.pickup.exnihilocreatio.item_material":36,"stat.craftItem.minecraft.planks":204,"stat.craftItem.exnihilocreatio.item_ore_tin":10,"stat.pickup.thaumcraft.nugget":1,"stat.useItem.excompressum.compressed_hammer_stone":71,"stat.useItem.minecraft.hopper":5,"stat.drop.exnihilocreatio.block_dust":2,"stat.pickup.minecraft.emerald":2,"stat.craftItem.minecraft.clay_ball":256,"stat.pickup.cyclicmagic.tool_torch_launcher":2,"stat.mineBlock.minecraft.log":81,"stat.craftItem.exnihilocreatio.item_ore_lead":7,"stat.drop":26,"stat.mineBlock.minecraft.leaves":518,"stat.playOneMinute":190501,"stat.pickup.minecraft.torch":27,"stat.craftItem.exnihilocreatio.item_ore_aluminium":8,"stat.mineBlock.minecraft.redstone_ore":33,"stat.useItem.tconstruct.seared":1,"stat.sneakTime":1255,"stat.craftItem.minecraft.iron_pickaxe":5,"stat.drop.minecraft.stone_axe":1,"stat.pickup.rftools.dimensional_shard":43,"stat.craftItem.exnihilocreatio.item_ore_copper":10,"stat.pickup.petrock.stoneium":1,"stat.craftItem.exnihilocreatio.item_cooked_silkworm":13,"stat.craftItem.minecraft.cobblestone":53,"stat.mineBlock.minecraft.stone":5743,"stat.mineBlock.minecraft.gold_ore":22,"stat.pickup.ftbquests.book":1}