{"stat.drop.excompressum.compressed_hammer_stone":2,"stat.leaveGame":3,"stat.mineBlock.thaumcraft.ore_quartz":3,"stat.pickup.thaumcraft.crystal_ordo":37,"stat.craftItem.excompressum.compressed_hammer_stone":9,"stat.useItem.chancecubes.chance_cube":7,"stat.drop.exchangers.resonant_exchanger":1,"stat.mineBlock.extrautils2.compressedcobblestone":392,"stat.useItem.minecraft.planks":3,"stat.mineBlock.minecraft.web":9,"stat.mineBlock.immersiveengineering.ore":3,"stat.pickup.minecraft.glass":23,"stat.craftItem.hatchery.nest":1,"stat.useItem.minecraft.water_bucket":2,"stat.pickup.exnihilocreatio.block_dust":1732,"stat.pickup.minecraft.sand":1665,"stat.useItem.stonechest.chest_cobblestone":1,"stat.craftItem.minecraft.stone_axe":3,"stat.useItem.tp.plump_pear":1,"stat.pickup.minecraft.bucket":1,"stat.pickup.exnihilocreatio.item_pebble":416,"stat.mineBlock.exnihilocreatio.block_infested_leaves":115,"stat.mineBlock.minecraft.sand":2,"stat.pickup.exnihilocreatio.item_ore_copper":234,"stat.mineBlock.minecraft.end_stone":346,"stat.useItem.exnihilocreatio.item_material":6,"stat.craftItem.harvestcraft.grainbaititem":8,"stat.hopperInspected":17,"stat.useItem.minecraft.iron_pickaxe":1252,"stat.craftItem.tp.diamond_cobblegen_block":1,"stat.craftItem.stonechest.chest_cobblestone":3,"stat.craftItem.minecraft.bed":2,"stat.pickup.projectred-core.resource_item":189,"stat.useItem.tp.cooked_apple":1,"stat.pickup.thermalfoundation.material":49,"stat.pickup.quantumflux.graphitedust":1,"stat.drop.exnihilocreatio.item_material":13,"stat.furnaceInteraction":48,"stat.mineBlock.chancecubes.chance_cube":8,"stat.pickup.exnihilocreatio.block_barrel1":1,"stat.pickup.minecraft.furnace":8,"stat.useItem.minecraft.redstone":8,"stat.useItem.exnihilocreatio.item_cooked_silkworm":6,"stat.useItem.tp.plump_peach":1,"stat.pickup.extrautils2.compressedsand":40,"stat.pickup.exnihilocreatio.item_ore_iron":910,"stat.pickup.exnihilocreatio.item_cooked_silkworm":6,"stat.drop.environmentaltech.void_ore_miner_cont_1":1,"stat.pickup.exnihilocreatio.item_ore_osmium":125,"stat.pickup.minecraft.skull":1,"stat.pickup.ceramics.unfired_clay":5,"stat.pickup.tp.iron_cobblegen_block":1,"stat.useItem.minecraft.wheat_seeds":24,"stat.pickup.thaumcraft.nugget":1,"stat.pickup.exnihilocreatio.item_ore_nickel":34,"stat.useItem.minecraft.hopper":5,"stat.pickup.minecraft.emerald":21,"stat.pickup.cyclicmagic.tool_torch_launcher":3,"stat.useItem.minecraft.dye":63,"stat.craftItem.exnihilocreatio.item_ore_lead":17,"stat.craftItem.harvestcraft.groundtrap":2,"stat.drop.extrautils2.passivegenerator":4,"stat.pickup.minecraft.egg":8,"stat.pickup.actuallyadditions.item_dust":21,"stat.playOneMinute":468425,"stat.pickup.thaumcraft.crystal_terra":42,"stat.pickup.minecraft.blaze_rod":2,"stat.craftItem.minecraft.iron_pickaxe":5,"stat.drop.tp.birthday_pickaxe":1,"stat.drop.minecraft.iron_ingot":64,"stat.pickup.minecraft.netherrack":34,"stat.chestOpened":77,"stat.pickup.thaumcraft.crystal_vitium":40,"stat.useItem.minecraft.stone":15,"stat.mineBlock.minecraft.netherrack":1,"stat.pickup.minecraft.iron_sword":1,"stat.pickup.minecraft.arrow":1,"stat.pickup.extrautils2.compressedcobblestone":1,"stat.useItem.exchangers.resonant_exchanger":7,"stat.drop.minecraft.iron_pickaxe":1,"stat.fallOneCm":6700,"stat.crouchOneCm":9063,"stat.craftItem.tconstruct.toolforge":2,"stat.craftItem.minecraft.chest":15,"stat.craftItem.minecraft.iron_ingot":80,"stat.drop.actuallyadditions.item_spawner_changer":1,"stat.craftingTableInteraction":12,"stat.pickup.minecraft.comparator":3,"stat.pickup.minecraft.repeater":3,"stat.craftItem.tconstruct.pattern":16,"stat.pickup.minecraft.feather":4,"stat.drop.minecraft.iron_leggings":1,"stat.useItem.minecraft.furnace":7,"stat.pickup.excompressum.wood_chippings":19,"stat.useItem.harvestcraft.epicbaconitem":8,"stat.craftItem.tconstruct.materials":21,"stat.pickup.minecraft.dye":328,"stat.pickup.exnihilocreatio.item_ore_gold":25,"stat.pickup.minecraft.wheat_seeds":31,"stat.pickup.enderio.item_material":14,"stat.mineBlock.minecraft.gravel":341,"stat.useItem.minecraft.stone_pickaxe":656,"stat.craftItem.minecraft.iron_leggings":2,"stat.drop.enderio.item_material":2,"stat.mineBlock.minecraft.dirt":9,"stat.useItem.stoneblockutilities.crook_stone":1228,"stat.pickup.minecraft.record_13":1,"stat.pickup.immersiveengineering.seed":1,"stat.mineBlock.extrautils2.compresseddirt":184,"stat.useItem.minecraft.log":11,"stat.pickup.tp.plump_pear":1,"stat.useItem.minecraft.cobblestone":92,"stat.craftItem.minecraft.crafting_table":7,"stat.craftItem.extrautils2.compressedgravel":368,"stat.useItem.minecraft.gravel":76,"stat.pickup.hatchery.nest":1,"stat.mineBlock.minecraft.emerald_ore":2,"stat.pickup.minecraft.log":145,"stat.pickup.minecraft.iron_pickaxe":1,"stat.pickup.randomthings.timeinabottle":1,"stat.pickup.minecraft.sapling":175,"stat.pickup.minecraft.wooden_door":12,"stat.pickup.minecraft.apple":6,"stat.drop.minecraft.clay":1,"stat.pickup.minecraft.end_stone":178,"stat.pickup.extrautils2.compresseddirt":1,"stat.craftItem.minecraft.bucket":3,"stat.craftItem.minecraft.planks":588,"stat.mineBlock.tconstruct.toolforge":1,"stat.useItem.minecraft.iron_sword":30,"stat.useItem.exnihilocreatio.block_crucible":6,"stat.mineBlock.minecraft.log":93,"stat.craftItem.minecraft.paper":30,"stat.pickup.minecraft.red_flower":1,"stat.sneakTime":4438,"stat.drop.minecraft.bucket":1,"stat.mineBlock.extrautils2.compressedgravel":182,"stat.mineBlock.hatchery.nest":1,"stat.drop.chickens.analyzer":1,"stat.pickup.minecraft.yellow_flower":1,"stat.craftItem.minecraft.cobblestone":53,"stat.cakeSlicesEaten":2,"stat.drop.ftbquests.book":1,"stat.pickup.immersiveengineering.ore":3,"stat.craftItem.ceramics.unfired_clay":55,"stat.pickup.minecraft.redstone_torch":3,"stat.craftItem.stonechest.part_cobblestone":11,"stat.mineBlock.minecraft.cobblestone":71,"stat.pickup.minecraft.stone_pickaxe":2,"stat.pickup.minecraft.flint":137,"stat.mineBlock.actuallyadditions.block_misc":19,"stat.craftItem.minecraft.wool":6,"stat.mineBlock.appliedenergistics2.quartz_ore":2,"stat.pickup.exnihilocreatio.item_ore_lead":127,"stat.craftItem.extrautils2.compressedcobblestone":384,"stat.drop.storagedrawers.upgrade_storage":1,"stat.drop.minecraft.cobblestone":1,"stat.pickup.tp.plump_peach":1,"stat.useItem.minecraft.dirt":61,"stat.useItem.minecraft.stone_slab2":97,"stat.craftItem.minecraft.furnace":10,"stat.pickup.thermalfoundation.ore":62,"stat.useItem.minecraft.egg":4,"stat.craftItem.minecraft.iron_boots":3,"stat.pickup.minecraft.pumpkin_pie":1,"stat.craftItem.minecraft.trapdoor":2,"stat.craftItem.minecraft.stone_pickaxe":5,"stat.pickup.tp.cooked_apple":9,"stat.pickup.minecraft.cobblestone":8634,"stat.useItem.exnihilocreatio.hammer_stone":189,"stat.pickup.exnihilocreatio.item_seed_cactus":1,"stat.flyOneCm":175750,"stat.pickup.minecraft.clay":65,"stat.drop.minecraft.iron_helmet":1,"stat.pickup.appliedenergistics2.material":3,"stat.drop.minecraft.wheat_seeds":7,"stat.useItem.extrautils2.compressedgravel":178,"stat.craftItem.extrautils2.compresseddirt":183,"stat.useItem.minecraft.cooked_beef":1,"stat.pickup.extrautils2.compressedgravel":13,"stat.craftItem.yabba.upgrade_blank":16,"stat.pickup.minecraft.redstone":215,"stat.mineBlock.minecraft.iron_ore":54,"stat.timeSinceDeath":468425,"stat.pickup.exnihilocreatio.hammer_stone":1,"stat.pickup.thaumcraft.crystal_ignis":33,"stat.craftItem.minecraft.iron_block":4,"stat.pickup.hatchery.chickenmanure":13,"stat.drop.excompressum.compressed_block":9,"stat.pickup.minecraft.cake":2,"stat.craftItem.tconstruct.seared":5,"stat.mineBlock.thermalfoundation.ore":62,"stat.mineBlock.quantumflux.graphiteore":2,"stat.pickup.minecraft.redstone_lamp":3,"stat.mineBlock.minecraft.coal_ore":117,"stat.killEntity.Creeper":1,"stat.pickup.extrautils2.ingredients":1,"stat.pickup.minecraft.string":170,"stat.drop.yabba.upgrade_blank":16,"stat.craftItem.exnihilocreatio.hammer_stone":90,"stat.pickup.excompressum.compressed_hammer_stone":2,"stat.craftItem.minecraft.stone_slab2":0,"stat.pickup.exnihilocreatio.item_ore_aluminium":175,"stat.craftItem.tconstruct.stone_stick":4,"stat.drop.exnihilocreatio.block_barrel1":1,"stat.useItem.minecraft.written_book":2,"stat.craftItem.tconstruct.tooltables":9,"stat.sprintOneCm":389121,"stat.pickup.minecraft.paper":2,"stat.pickup.stoneblockutilities.crook_stone":2,"stat.craftItem.minecraft.stick":312,"stat.drop.thermalexpansion.reservoir":3,"stat.useItem.minecraft.bed":1,"stat.mineBlock.rftools.dimensional_shard_ore":17,"stat.pickup.exnihilocreatio.item_material":36,"stat.useItem.minecraft.diamond_pickaxe":630,"stat.useItem.excompressum.compressed_hammer_stone":970,"stat.drop.exnihilocreatio.block_dust":2,"stat.craftItem.minecraft.clay_ball":256,"stat.pickup.yabba.upgrade_blank":16,"stat.pickup.thaumcraft.crystal_aqua":41,"stat.useItem.extrautils2.compressedsand":224,"stat.drop":142,"stat.useItem.thermalfoundation.tool.hammer_invar":343,"stat.useItem.tconstruct.seared":1,"stat.pickup.minecraft.slime_ball":1,"stat.drop.minecraft.iron_boots":1,"stat.mineBlock.extrautils2.compressedsand":232,"stat.craftItem.minecraft.diamond_pickaxe":1,"stat.killEntity.Zombie":1,"stat.pickup.minecraft.snowball":2,"stat.pickup.rftools.dimensional_shard":58,"stat.craftItem.exnihilocreatio.item_ore_copper":52,"stat.pickup.petrock.stoneium":1,"stat.craftItem.exnihilocreatio.item_cooked_silkworm":13,"stat.mineBlock.minecraft.gold_ore":22,"stat.pickup.minecraft.wheat":29,"stat.pickup.tconstruct.toolforge":1,"stat.mineBlock.tp.iron_cobblegen_block":1,"stat.craftItem.exnihilocreatio.item_ore_osmium":26,"stat.pickup.minecraft.sign":2,"stat.pickup.minecraft.gravel":3815,"stat.useItem.extrautils2.compressedcobblestone":316,"stat.pickup.stonechest.part_cobblestone":2,"stat.useItem.minecraft.apple":3,"stat.pickup.exnihilocreatio.item_ore_tin":182,"stat.drop.minecraft.apple":2,"stat.craftItem.exnihilocreatio.block_crucible":7,"stat.useItem.minecraft.sand":2,"stat.jump":1782,"stat.pickup.tp.birthday_pickaxe":2,"stat.pickup.minecraft.fence":1,"stat.pickup.minecraft.coal":398,"stat.pickup.minecraft.iron_ingot":25,"stat.useItem.tp.birthday_pickaxe":4866,"stat.craftItem.minecraft.lever":1,"stat.useItem.minecraft.stone_axe":79,"stat.pickup.minecraft.gunpowder":34,"stat.pickup.minecraft.spider_eye":1,"stat.craftItem.minecraft.torch":256,"stat.pickup.minecraft.dirt":1711,"stat.craftItem.minecraft.iron_helmet":4,"stat.pickup.minecraft.experience_bottle":3,"stat.pickup.exchangers.resonant_exchanger":1,"stat.pickup.actuallyadditions.block_misc":19,"stat.craftItem.chickens.analyzer":1,"stat.craftItem.stoneblockutilities.crook_stone":3,"stat.pickup.minecraft.iron_ore":48,"stat.useItem.minecraft.sapling":34,"stat.pickup.minecraft.gold_ore":22,"stat.mineBlock.minecraft.lapis_ore":10,"stat.useItem.minecraft.redstone_lamp":2,"stat.craftItem.exnihilocreatio.item_ore_iron":175,"stat.pickup.actuallyadditions.item_coffee_seed":1,"stat.pickup.minecraft.cookie":58,"stat.damageTaken":590,"stat.pickup.minecraft.leather":1,"stat.mineBlock.minecraft.furnace":8,"stat.mineBlock.minecraft.torch":14,"stat.pickup.minecraft.written_book":2,"stat.mineBlock.minecraft.sapling":4,"stat.pickup.mysticalagriculture.crafting":2,"stat.pickup.minecraft.reeds":2,"stat.pickup.exnihilocreatio.item_ore_silver":42,"stat.pickup.minecraft.potato":1,"stat.craftItem.extrautils2.compressedsand":193,"stat.pickup.thermalexpansion.reservoir":3,"stat.damageDealt":1288,"stat.mineBlock.exnihilocreatio.block_barrel1":1,"stat.craftItem.minecraft.iron_sword":1,"stat.craftItem.minecraft.stone_slab":12,"stat.walkOneCm":912234,"stat.craftItem.excompressum.compressed_block":192,"stat.useItem.minecraft.chest":6,"stat.playerKills":1,"stat.pickup.thermalfoundation.tool.hammer_invar":2,"stat.pickup.minecraft.stick":6,"stat.craftItem.exnihilocreatio.item_material":6,"stat.pickup.minecraft.clay_ball":11,"stat.useItem.minecraft.lava_bucket":1,"stat.pickup.thaumcraft.crystal_aer":42,"stat.drop.minecraft.iron_chestplate":1,"stat.pickup.minecraft.stone":92,"stat.craftItem.minecraft.iron_chestplate":3,"stat.craftItem.minecraft.hay_block":3,"stat.pickup.minecraft.ender_pearl":3,"stat.useItem.minecraft.redstone_ore":1,"stat.pickup.minecraft.cooked_beef":1,"stat.pickup.minecraft.gold_ingot":1,"stat.mineBlock.thermalfoundation.ore_fluid":49,"stat.drop.thermalfoundation.upgrade":1,"stat.killEntity.Skeleton":1,"stat.craftItem.exnihilocreatio.item_ore_tin":24,"stat.pickup.thaumcraft.crystal_perditio":34,"stat.killEntity.Spider":1,"stat.pickup.minecraft.bread":2,"stat.craftItem.exnihilocreatio.block_barrel1":1,"stat.mobKills":4,"stat.pickup.minecraft.quartz":5,"stat.pickup.minecraft.diamond":25,"stat.mineBlock.minecraft.leaves":518,"stat.pickup.minecraft.torch":34,"stat.craftItem.exnihilocreatio.item_ore_aluminium":37,"stat.mineBlock.minecraft.redstone_ore":37,"stat.drop.minecraft.stone_axe":1,"stat.craftItem.minecraft.compass":1,"stat.mineBlock.minecraft.stone":8925,"stat.useItem.extrautils2.compresseddirt":180,"stat.pickup.ftbquests.book":1}