{"stat.drop.excompressum.compressed_hammer_stone":2,"stat.leaveGame":7,"stat.craftItem.excompressum.compressed_hammer_stone":12,"stat.useItem.chancecubes.chance_cube":14,"stat.drop.exchangers.resonant_exchanger":1,"stat.mineBlock.minecraft.web":15,"stat.pickup.exnihilocreatio.block_dust":1732,"stat.craftItem.minecraft.stone_axe":3,"stat.pickup.minecraft.bucket":4,"stat.killEntity.Enderman":3,"stat.craftItem.excompressum.compressed_hammer_diamond":5,"stat.pickup.exnihilocreatio.item_ore_copper":245,"stat.mineBlock.minecraft.end_stone":346,"stat.useItem.exnihilocreatio.item_material":6,"stat.craftItem.harvestcraft.grainbaititem":8,"stat.useItem.minecraft.iron_pickaxe":1252,"stat.craftItem.tp.diamond_cobblegen_block":1,"stat.craftItem.stonechest.chest_cobblestone":3,"stat.craftItem.minecraft.bed":2,"stat.pickup.thermalfoundation.material":114,"stat.furnaceInteraction":64,"stat.mineBlock.chancecubes.chance_cube":14,"stat.drop.hatchery.animalnet":1,"stat.useItem.exnihilocreatio.item_cooked_silkworm":6,"stat.drop.appliedenergistics2.crystal_seed":58,"stat.pickup.exnihilocreatio.item_cooked_silkworm":6,"stat.pickup.ceramics.unfired_clay":5,"stat.pickup.tp.iron_cobblegen_block":1,"stat.useItem.minecraft.wheat_seeds":150,"stat.pickup.minecraft.emerald":21,"stat.pickup.cyclicmagic.tool_torch_launcher":4,"stat.useItem.minecraft.dye":63,"stat.deaths":1,"stat.pickup.minecraft.egg":10,"stat.pickup.actuallyadditions.item_dust":21,"stat.pickup.thaumcraft.crystal_terra":42,"stat.pickup.randomthings.advanceditemcollector":1,"stat.craftItem.minecraft.iron_pickaxe":5,"stat.drop.tp.birthday_pickaxe":1,"stat.drop.minecraft.iron_ingot":64,"stat.mineBlock.minecraft.tallgrass":1,"stat.chestOpened":169,"stat.craftItem.roost.roost":17,"stat.craftItem.minecraft.sign":6,"stat.useItem.minecraft.stone":15,"stat.pickup.minecraft.iron_sword":1,"stat.pickup.minecraft.arrow":1,"stat.pickup.extrautils2.compressedcobblestone":3,"stat.pickup.minecraft.gold_nugget":2,"stat.drop.minecraft.iron_pickaxe":1,"stat.crouchOneCm":9719,"stat.craftItem.minecraft.iron_ingot":98,"stat.drop.actuallyadditions.item_spawner_changer":1,"stat.craftItem.minecraft.hopper":4,"stat.craftingTableInteraction":13,"stat.pickup.minecraft.repeater":4,"stat.craftItem.tconstruct.pattern":16,"stat.pickup.minecraft.dye":487,"stat.pickup.exnihilocreatio.item_ore_gold":31,"stat.pickup.minecraft.wheat_seeds":389,"stat.pickup.enderio.item_material":14,"stat.mineBlock.minecraft.glass":9,"stat.drop.minecraft.carpet":1,"stat.craftItem.excompressum.double_compressed_diamond_hammer":2,"stat.drop.enderio.item_material":2,"stat.mineBlock.minecraft.dirt":15,"stat.useItem.stoneblockutilities.crook_stone":1228,"stat.pickup.immersiveengineering.seed":1,"stat.mineBlock.extrautils2.compresseddirt":194,"stat.useItem.minecraft.cobblestone":157,"stat.useItem.minecraft.gravel":78,"stat.pickup.hatchery.nest":1,"stat.pickup.minecraft.iron_pickaxe":1,"stat.pickup.randomthings.timeinabottle":3,"stat.pickup.minecraft.chicken":28,"stat.pickup.minecraft.apple":6,"stat.craftItem.appliedenergistics2.inscriber":1,"stat.pickup.minecraft.end_stone":178,"stat.pickup.extrautils2.compresseddirt":1,"stat.craftItem.minecraft.bucket":7,"stat.craftItem.minecraft.planks":1060,"stat.useItem.minecraft.iron_sword":71,"stat.pickup.extrautils2.filter":2,"stat.mineBlock.minecraft.log":93,"stat.useItem.roost.chicken":64,"stat.craftItem.minecraft.paper":30,"stat.pickup.minecraft.red_flower":1,"stat.craftItem.thermalexpansion.frame":2,"stat.drop.chickens.analyzer":1,"stat.craftItem.minecraft.cobblestone":53,"stat.cakeSlicesEaten":16,"stat.pickup.harvestcraft.epicbaconitem":11,"stat.pickup.cyclicmagic.sprinkler":1,"stat.mineBlock.minecraft.cobblestone":102,"stat.pickup.minecraft.stone_pickaxe":2,"stat.pickup.minecraft.flint":137,"stat.craftItem.thermalexpansion.cell":1,"stat.craftItem.thermalfoundation.storage_alloy":1,"stat.craftItem.minecraft.wool":6,"stat.mineBlock.appliedenergistics2.quartz_ore":2,"stat.drop.storagedrawers.upgrade_storage":1,"stat.drop.randomthings.advanceditemcollector":1,"stat.drop.minecraft.cobblestone":1,"stat.pickup.hatchery.animalnet":2,"stat.pickup.tp.plump_peach":1,"stat.useItem.minecraft.cookie":2,"stat.useItem.minecraft.stone_slab2":197,"stat.craftItem.minecraft.furnace":10,"stat.pickup.thermalfoundation.ore":62,"stat.craftItem.exnihilocreatio.hammer_diamond":52,"stat.useItem.minecraft.egg":4,"stat.craftItem.minecraft.iron_boots":3,"stat.pickup.minecraft.pumpkin_pie":1,"stat.pickup.tp.cooked_apple":9,"stat.mineBlock.minecraft.obsidian":17,"stat.pickup.minecraft.diamond_leggings":2,"stat.useItem.exnihilocreatio.hammer_stone":189,"stat.flyOneCm":379748,"stat.drop.minecraft.iron_helmet":1,"stat.pickup.minecraft.fish":4,"stat.useItem.extrautils2.compressedgravel":329,"stat.craftItem.yabba.upgrade_blank":16,"stat.craftItem.minecraft.stained_glass":16,"stat.timeSinceDeath":133289,"stat.craftItem.minecraft.iron_block":7,"stat.pickup.hatchery.chickenmanure":32,"stat.craftItem.minecraft.stonebrick":4,"stat.craftItem.tconstruct.seared":5,"stat.mineBlock.minecraft.coal_ore":117,"stat.killEntity.Creeper":1,"stat.pickup.extrautils2.ingredients":3,"stat.pickup.extrautils2.angelring":2,"stat.pickup.minecraft.string":176,"stat.drop.yabba.upgrade_blank":16,"stat.pickup.excompressum.compressed_hammer_stone":2,"stat.craftItem.tconstruct.stone_stick":4,"stat.useItem.minecraft.written_book":2,"stat.craftItem.tconstruct.tooltables":10,"stat.sprintOneCm":824630,"stat.pickup.stoneblockutilities.crook_stone":2,"stat.pickup.extrautils2.passivegenerator":1,"stat.pickup.yabba.upgrade_blank":16,"stat.pickup.thaumcraft.crystal_aqua":41,"stat.mineBlock.extrautils2.compressedsand":232,"stat.killEntity.Zombie":1,"stat.pickup.minecraft.snowball":2,"stat.pickup.rftools.dimensional_shard":58,"stat.craftItem.exnihilocreatio.item_cooked_silkworm":13,"stat.mineBlock.minecraft.gold_ore":22,"stat.diveOneCm":78,"stat.pickup.minecraft.wheat":113,"stat.mineBlock.tp.iron_cobblegen_block":1,"stat.craftItem.exnihilocreatio.item_ore_osmium":26,"stat.pickup.minecraft.sign":3,"stat.pickup.minecraft.obsidian":9,"stat.drop.minecraft.apple":2,"stat.craftItem.exnihilocreatio.block_crucible":7,"stat.useItem.minecraft.sand":2,"stat.jump":2762,"stat.pickup.tp.birthday_pickaxe":4,"stat.pickup.minecraft.coal":398,"stat.pickup.minecraft.iron_ingot":26,"stat.craftItem.minecraft.lever":1,"stat.pickup.minecraft.gunpowder":34,"stat.craftItem.minecraft.torch":256,"stat.pickup.excompressum.chicken_stick":2,"stat.pickup.minecraft.dirt":3228,"stat.useItem.minecraft.glass":7,"stat.useItem.minecraft.sapling":34,"stat.pickup.minecraft.gold_ore":22,"stat.mineBlock.minecraft.lapis_ore":10,"stat.drop.extrautils2.compressedcobblestone":1,"stat.pickup.minecraft.cookie":66,"stat.damageTaken":1352,"stat.mineBlock.minecraft.torch":25,"stat.pickup.minecraft.written_book":2,"stat.pickup.immersiveengineering.metal":15,"stat.mineBlock.minecraft.sapling":4,"stat.pickup.minecraft.potato":6,"stat.craftItem.extrautils2.compressedsand":203,"stat.pickup.thermalexpansion.reservoir":3,"stat.mineBlock.exnihilocreatio.block_barrel1":1,"stat.useItem.excompressum.compressed_hammer_diamond":84,"stat.craftItem.minecraft.stone_slab":12,"stat.pickup.hatchery.hatcheryegg":1,"stat.useItem.minecraft.chest":14,"stat.mineBlock.cyclicmagic.water_candle":1,"stat.pickup.minecraft.diamond_pickaxe":1,"stat.useItem.minecraft.lava_bucket":1,"stat.pickup.thaumcraft.crystal_aer":42,"stat.craftItem.minecraft.iron_chestplate":3,"stat.pickup.minecraft.ender_pearl":3,"stat.useItem.minecraft.redstone_ore":1,"stat.pickup.minecraft.cooked_beef":1,"stat.pickup.thaumcraft.crystal_perditio":34,"stat.mobKills":14,"stat.pickup.minecraft.diamond_boots":2,"stat.pickup.minecraft.diamond":26,"stat.pickup.ftbquests.lootcrate":2,"stat.pickup.minecraft.torch":58,"stat.craftItem.exnihilocreatio.item_ore_aluminium":37,"stat.pickup.thaumcraft.brain":2,"stat.drop.minecraft.stone_axe":1,"stat.craftItem.minecraft.compass":1,"stat.useItem.extrautils2.compresseddirt":189,"stat.drop.ftbquests.lootcrate":1,"stat.useItem.randomthings.timeinabottle":222,"stat.pickup.ftbquests.book":1,"stat.mineBlock.thaumcraft.ore_quartz":3,"stat.pickup.thaumcraft.crystal_ordo":37,"stat.killEntity.Blaze":1,"stat.useItem.cyclicmagic.sprinkler":5,"stat.mineBlock.extrautils2.compressedcobblestone":585,"stat.useItem.minecraft.planks":25,"stat.pickup.appliedenergistics2.drive":2,"stat.mineBlock.immersiveengineering.ore":3,"stat.pickup.minecraft.glass":39,"stat.craftItem.hatchery.nest":1,"stat.useItem.minecraft.water_bucket":46,"stat.pickup.minecraft.sand":1788,"stat.useItem.stonechest.chest_cobblestone":1,"stat.useItem.tp.plump_pear":1,"stat.useItem.tp.bsc_iron_sword":33,"stat.pickup.exnihilocreatio.item_pebble":416,"stat.mineBlock.exnihilocreatio.block_infested_leaves":115,"stat.drop.roost.chicken":2,"stat.mineBlock.minecraft.sand":3,"stat.craftItem.cyclicmagic.sprinkler":5,"stat.hopperInspected":21,"stat.pickup.projectred-core.resource_item":197,"stat.drop.harvestcraft.epicbaconitem":1,"stat.useItem.tp.cooked_apple":1,"stat.pickup.quantumflux.graphitedust":1,"stat.drop.exnihilocreatio.item_material":13,"stat.pickup.appliedenergistics2.crystal_seed":58,"stat.pickup.exnihilocreatio.block_barrel1":1,"stat.pickup.actuallyadditions.item_solidified_experience":9,"stat.craftItem.thermalfoundation.material":7,"stat.pickup.minecraft.furnace":8,"stat.useItem.minecraft.redstone":8,"stat.useItem.tp.plump_peach":1,"stat.pickup.extrautils2.compressedsand":40,"stat.pickup.exnihilocreatio.item_ore_iron":954,"stat.pickup.minecraft.iron_chestplate":1,"stat.drop.environmentaltech.void_ore_miner_cont_1":1,"stat.pickup.exnihilocreatio.item_ore_osmium":133,"stat.pickup.minecraft.skull":2,"stat.mineBlock.extrautils2.passivegenerator":1,"stat.pickup.chancecubes.chance_cube":1,"stat.pickup.thaumcraft.nugget":1,"stat.pickup.exnihilocreatio.item_ore_nickel":39,"stat.useItem.minecraft.hopper":7,"stat.useItem.roost.roost":10,"stat.craftItem.exnihilocreatio.item_ore_lead":17,"stat.craftItem.harvestcraft.groundtrap":2,"stat.drop.extrautils2.passivegenerator":4,"stat.drop.randomthings.timeinabottle":1,"stat.useItem.hatchery.animalnet":11,"stat.playOneMinute":813787,"stat.pickup.minecraft.blaze_rod":4,"stat.pickup.minecraft.netherrack":38,"stat.pickup.thaumcraft.crystal_vitium":40,"stat.craftItem.appliedenergistics2.material":1,"stat.mineBlock.minecraft.netherrack":7,"stat.useItem.exchangers.resonant_exchanger":7,"stat.useItem.betterbuilderswands.wandstone":22,"stat.fallOneCm":18979,"stat.craftItem.tconstruct.toolforge":2,"stat.craftItem.minecraft.chest":23,"stat.drop.appliedenergistics2.drive":2,"stat.useItem.minecraft.iron_hoe":124,"stat.pickup.minecraft.comparator":3,"stat.pickup.minecraft.feather":6,"stat.drop.minecraft.iron_leggings":1,"stat.useItem.minecraft.furnace":7,"stat.pickup.excompressum.wood_chippings":19,"stat.useItem.harvestcraft.epicbaconitem":17,"stat.craftItem.tconstruct.materials":29,"stat.pickup.minecraft.iron_leggings":1,"stat.mineBlock.minecraft.gravel":341,"stat.useItem.minecraft.stone_pickaxe":656,"stat.craftItem.minecraft.iron_leggings":2,"stat.pickup.minecraft.record_13":1,"stat.craftItem.minecraft.redstone_block":7,"stat.useItem.minecraft.log":11,"stat.pickup.tp.plump_pear":1,"stat.craftItem.minecraft.crafting_table":8,"stat.craftItem.extrautils2.compressedgravel":576,"stat.pickup.minecraft.iron_hoe":1,"stat.pickup.excompressum.bait":1,"stat.mineBlock.minecraft.emerald_ore":2,"stat.pickup.minecraft.log":146,"stat.pickup.minecraft.sapling":175,"stat.pickup.roost.chicken":1,"stat.pickup.minecraft.wooden_door":12,"stat.drop.minecraft.clay":1,"stat.mineBlock.tconstruct.toolforge":1,"stat.pickup.minecraft.diamond_helmet":2,"stat.useItem.exnihilocreatio.block_crucible":6,"stat.sneakTime":6335,"stat.drop.minecraft.bucket":2,"stat.mineBlock.extrautils2.compressedgravel":340,"stat.mineBlock.hatchery.nest":1,"stat.pickup.minecraft.yellow_flower":1,"stat.drop.ftbquests.book":1,"stat.pickup.immersiveengineering.ore":3,"stat.pickup.minecraft.bone":2,"stat.craftItem.minecraft.sticky_piston":2,"stat.craftItem.ceramics.unfired_clay":55,"stat.pickup.minecraft.redstone_torch":3,"stat.craftItem.stonechest.part_cobblestone":11,"stat.mineBlock.actuallyadditions.block_misc":19,"stat.pickup.exnihilocreatio.item_ore_lead":132,"stat.craftItem.extrautils2.compressedcobblestone":2678,"stat.swimOneCm":8284,"stat.useItem.minecraft.dirt":286,"stat.drop.betterbuilderswands.wandstone":2,"stat.craftItem.minecraft.bone_block":32,"stat.craftItem.minecraft.trapdoor":2,"stat.pickup.excompressum.compressed_hammer_diamond":1,"stat.craftItem.minecraft.stone_pickaxe":5,"stat.pickup.minecraft.cobblestone":10454,"stat.mineBlock.minecraft.carpet":5,"stat.useItem.hatchery.hatcheryegg":2,"stat.pickup.exnihilocreatio.item_seed_cactus":1,"stat.pickup.minecraft.clay":65,"stat.pickup.appliedenergistics2.material":38,"stat.drop.minecraft.wheat_seeds":7,"stat.craftItem.extrautils2.compresseddirt":193,"stat.useItem.minecraft.cooked_beef":1,"stat.pickup.minecraft.cactus":3,"stat.pickup.extrautils2.compressedgravel":33,"stat.pickup.minecraft.redstone":216,"stat.ae2.TurnedCranks":26,"stat.mineBlock.minecraft.iron_ore":54,"stat.pickup.exnihilocreatio.hammer_stone":1,"stat.useItem.minecraft.sign":1,"stat.pickup.thaumcraft.crystal_ignis":33,"stat.drop.excompressum.compressed_block":9,"stat.pickup.minecraft.cake":2,"stat.mineBlock.thermalfoundation.ore":62,"stat.mineBlock.quantumflux.graphiteore":2,"stat.pickup.minecraft.redstone_lamp":3,"stat.pickup.minecraft.carpet":141,"stat.drop.appliedenergistics2.inscriber":1,"stat.craftItem.exnihilocreatio.hammer_stone":111,"stat.craftItem.minecraft.stone_slab2":0,"stat.pickup.exnihilocreatio.item_ore_aluminium":186,"stat.drop.exnihilocreatio.block_barrel1":1,"stat.pickup.minecraft.paper":2,"stat.craftItem.minecraft.stick":468,"stat.drop.thermalexpansion.reservoir":3,"stat.useItem.minecraft.bed":1,"stat.mineBlock.rftools.dimensional_shard_ore":17,"stat.pickup.exnihilocreatio.item_material":36,"stat.craftItem.minecraft.stone":4,"stat.useItem.minecraft.diamond_pickaxe":706,"stat.useItem.excompressum.compressed_hammer_stone":1228,"stat.drop.exnihilocreatio.block_dust":2,"stat.craftItem.minecraft.clay_ball":256,"stat.pickup.minecraft.diamond_chestplate":2,"stat.mineBlock.minecraft.planks":2,"stat.useItem.extrautils2.compressedsand":224,"stat.drop":160,"stat.useItem.thermalfoundation.tool.hammer_invar":343,"stat.pickup.minecraft.stone_button":2,"stat.useItem.tconstruct.seared":1,"stat.pickup.minecraft.slime_ball":2,"stat.drop.minecraft.iron_boots":1,"stat.craftItem.minecraft.diamond_pickaxe":1,"stat.craftItem.exnihilocreatio.item_ore_copper":52,"stat.pickup.petrock.stoneium":1,"stat.craftItem.minecraft.piston":4,"stat.pickup.tconstruct.toolforge":1,"stat.pickup.minecraft.gravel":5546,"stat.useItem.extrautils2.compressedcobblestone":506,"stat.pickup.stonechest.part_cobblestone":2,"stat.useItem.minecraft.apple":3,"stat.mineBlock.minecraft.deadbush":1,"stat.pickup.exnihilocreatio.item_ore_tin":198,"stat.pickup.minecraft.fence":1,"stat.pickup.minecraft.iron_helmet":1,"stat.useItem.tp.birthday_pickaxe":6709,"stat.useItem.minecraft.stone_axe":79,"stat.pickup.minecraft.spider_eye":4,"stat.pickup.tp.bsc_iron_sword":2,"stat.craftItem.minecraft.iron_helmet":4,"stat.drop.chancecubes.chance_cube":1,"stat.pickup.minecraft.experience_bottle":3,"stat.pickup.exchangers.resonant_exchanger":1,"stat.pickup.actuallyadditions.block_misc":19,"stat.craftItem.chickens.analyzer":1,"stat.craftItem.stoneblockutilities.crook_stone":3,"stat.pickup.minecraft.iron_ore":48,"stat.useItem.minecraft.redstone_lamp":2,"stat.craftItem.exnihilocreatio.item_ore_iron":175,"stat.pickup.actuallyadditions.item_coffee_seed":1,"stat.pickup.minecraft.leather":1,"stat.craftItem.minecraft.iron_bars":32,"stat.mineBlock.minecraft.furnace":8,"stat.pickup.mysticalagriculture.crafting":25,"stat.pickup.minecraft.reeds":4,"stat.pickup.exnihilocreatio.item_ore_silver":52,"stat.killEntity.CaveSpider":1,"stat.drop.thermalexpansion.cell":1,"stat.damageDealt":4038,"stat.craftItem.minecraft.glass":59,"stat.craftItem.minecraft.anvil":2,"stat.craftItem.minecraft.iron_sword":1,"stat.walkOneCm":1540442,"stat.craftItem.excompressum.compressed_block":192,"stat.playerKills":1,"stat.pickup.thermalfoundation.tool.hammer_invar":2,"stat.pickup.minecraft.stick":8,"stat.craftItem.exnihilocreatio.item_material":6,"stat.pickup.minecraft.clay_ball":11,"stat.drop.minecraft.iron_chestplate":1,"stat.pickup.minecraft.stone":92,"stat.mineBlock.minecraft.wool":1,"stat.craftItem.minecraft.hay_block":54,"stat.craftItem.minecraft.redstone":54,"stat.mineBlock.cyclicmagic.sprinkler":1,"stat.pickup.minecraft.gold_ingot":1,"stat.mineBlock.thermalfoundation.ore_fluid":49,"stat.drop.thermalfoundation.upgrade":1,"stat.killEntity.Skeleton":2,"stat.mineBlock.minecraft.cactus":1,"stat.craftItem.exnihilocreatio.item_ore_tin":24,"stat.killEntity.Spider":1,"stat.pickup.minecraft.bread":2,"stat.craftItem.exnihilocreatio.block_barrel1":1,"stat.pickup.minecraft.quartz":52,"stat.mineBlock.minecraft.leaves":518,"stat.mineBlock.minecraft.redstone_ore":37,"stat.mineBlock.minecraft.stone":10777}