{"stat.drop.ftbquests.book":1,"stat.drop.excompressum.compressed_hammer_stone":2,"stat.craftItem.ceramics.unfired_clay":49,"stat.craftItem.stonechest.part_cobblestone":11,"stat.leaveGame":2,"stat.mineBlock.minecraft.cobblestone":63,"stat.pickup.minecraft.stone_pickaxe":1,"stat.pickup.minecraft.flint":122,"stat.pickup.thaumcraft.crystal_ordo":37,"stat.mineBlock.actuallyadditions.block_misc":19,"stat.craftItem.minecraft.wool":6,"stat.craftItem.excompressum.compressed_hammer_stone":9,"stat.mineBlock.appliedenergistics2.quartz_ore":2,"stat.pickup.exnihilocreatio.item_ore_lead":127,"stat.craftItem.extrautils2.compressedcobblestone":320,"stat.drop.exchangers.resonant_exchanger":1,"stat.mineBlock.extrautils2.compressedcobblestone":392,"stat.drop.storagedrawers.upgrade_storage":1,"stat.pickup.tp.plump_peach":1,"stat.pickup.minecraft.glass":20,"stat.useItem.minecraft.dirt":61,"stat.useItem.minecraft.stone_slab2":78,"stat.pickup.exnihilocreatio.block_dust":1732,"stat.pickup.minecraft.sand":1665,"stat.craftItem.minecraft.furnace":10,"stat.pickup.thermalfoundation.ore":56,"stat.useItem.stonechest.chest_cobblestone":1,"stat.craftItem.minecraft.stone_axe":3,"stat.useItem.tp.plump_pear":1,"stat.craftItem.minecraft.stone_pickaxe":5,"stat.pickup.exnihilocreatio.item_pebble":340,"stat.pickup.tp.cooked_apple":9,"stat.pickup.minecraft.cobblestone":5944,"stat.useItem.exnihilocreatio.hammer_stone":177,"stat.mineBlock.exnihilocreatio.block_infested_leaves":115,"stat.pickup.exnihilocreatio.item_seed_cactus":1,"stat.flyOneCm":58672,"stat.pickup.minecraft.clay":65,"stat.drop.minecraft.iron_helmet":1,"stat.pickup.appliedenergistics2.material":3,"stat.mineBlock.minecraft.sand":2,"stat.useItem.extrautils2.compressedgravel":178,"stat.craftItem.extrautils2.compresseddirt":183,"stat.pickup.exnihilocreatio.item_ore_copper":233,"stat.pickup.extrautils2.compressedgravel":13,"stat.pickup.minecraft.redstone":160,"stat.mineBlock.minecraft.iron_ore":37,"stat.useItem.exnihilocreatio.item_material":6,"stat.timeSinceDeath":309214,"stat.pickup.exnihilocreatio.hammer_stone":1,"stat.hopperInspected":10,"stat.useItem.minecraft.iron_pickaxe":1252,"stat.pickup.thaumcraft.crystal_ignis":33,"stat.craftItem.stonechest.chest_cobblestone":3,"stat.craftItem.minecraft.iron_block":4,"stat.craftItem.minecraft.bed":2,"stat.pickup.projectred-core.resource_item":189,"stat.drop.excompressum.compressed_block":9,"stat.craftItem.tconstruct.seared":5,"stat.useItem.tp.cooked_apple":1,"stat.mineBlock.thermalfoundation.ore":56,"stat.drop.exnihilocreatio.item_material":13,"stat.furnaceInteraction":41,"stat.pickup.exnihilocreatio.block_barrel1":1,"stat.mineBlock.minecraft.coal_ore":87,"stat.pickup.extrautils2.ingredients":1,"stat.pickup.minecraft.string":158,"stat.craftItem.exnihilocreatio.hammer_stone":90,"stat.pickup.minecraft.furnace":8,"stat.pickup.excompressum.compressed_hammer_stone":2,"stat.craftItem.minecraft.stone_slab2":0,"stat.pickup.exnihilocreatio.item_ore_aluminium":175,"stat.useItem.exnihilocreatio.item_cooked_silkworm":6,"stat.craftItem.tconstruct.stone_stick":4,"stat.useItem.tp.plump_peach":1,"stat.pickup.extrautils2.compressedsand":40,"stat.drop.exnihilocreatio.block_barrel1":1,"stat.pickup.exnihilocreatio.item_ore_iron":910,"stat.pickup.exnihilocreatio.item_cooked_silkworm":6,"stat.craftItem.tconstruct.tooltables":9,"stat.sprintOneCm":134663,"stat.pickup.stoneblockutilities.crook_stone":2,"stat.drop.environmentaltech.void_ore_miner_cont_1":1,"stat.pickup.exnihilocreatio.item_ore_osmium":125,"stat.pickup.minecraft.skull":1,"stat.craftItem.minecraft.stick":312,"stat.useItem.minecraft.bed":1,"stat.mineBlock.rftools.dimensional_shard_ore":12,"stat.pickup.exnihilocreatio.item_material":36,"stat.pickup.thaumcraft.nugget":1,"stat.useItem.minecraft.diamond_pickaxe":309,"stat.pickup.exnihilocreatio.item_ore_nickel":34,"stat.useItem.excompressum.compressed_hammer_stone":970,"stat.useItem.minecraft.hopper":5,"stat.drop.exnihilocreatio.block_dust":2,"stat.pickup.minecraft.emerald":20,"stat.craftItem.minecraft.clay_ball":256,"stat.pickup.cyclicmagic.tool_torch_launcher":2,"stat.craftItem.exnihilocreatio.item_ore_lead":17,"stat.pickup.thaumcraft.crystal_aqua":41,"stat.useItem.extrautils2.compressedsand":224,"stat.drop":41,"stat.pickup.actuallyadditions.item_dust":21,"stat.playOneMinute":309214,"stat.pickup.thaumcraft.crystal_terra":42,"stat.useItem.tconstruct.seared":1,"stat.craftItem.minecraft.iron_pickaxe":5,"stat.mineBlock.extrautils2.compressedsand":232,"stat.craftItem.minecraft.diamond_pickaxe":1,"stat.killEntity.Zombie":1,"stat.pickup.rftools.dimensional_shard":43,"stat.craftItem.exnihilocreatio.item_ore_copper":52,"stat.pickup.petrock.stoneium":1,"stat.craftItem.exnihilocreatio.item_cooked_silkworm":13,"stat.mineBlock.minecraft.gold_ore":22,"stat.pickup.minecraft.netherrack":2,"stat.chestOpened":49,"stat.pickup.tconstruct.toolforge":1,"stat.craftItem.exnihilocreatio.item_ore_osmium":26,"stat.pickup.thaumcraft.crystal_vitium":40,"stat.mineBlock.minecraft.netherrack":1,"stat.pickup.minecraft.gravel":3595,"stat.useItem.extrautils2.compressedcobblestone":316,"stat.pickup.stonechest.part_cobblestone":1,"stat.useItem.minecraft.apple":3,"stat.pickup.extrautils2.compressedcobblestone":1,"stat.useItem.exchangers.resonant_exchanger":7,"stat.pickup.exnihilocreatio.item_ore_tin":182,"stat.drop.minecraft.iron_pickaxe":1,"stat.drop.minecraft.apple":2,"stat.craftItem.exnihilocreatio.block_crucible":7,"stat.useItem.minecraft.sand":2,"stat.jump":635,"stat.pickup.minecraft.coal":398,"stat.fallOneCm":3623,"stat.pickup.minecraft.iron_ingot":2,"stat.useItem.tp.birthday_pickaxe":4489,"stat.useItem.minecraft.stone_axe":79,"stat.pickup.minecraft.gunpowder":33,"stat.crouchOneCm":8922,"stat.craftItem.tconstruct.toolforge":2,"stat.craftItem.minecraft.chest":10,"stat.craftItem.minecraft.iron_ingot":17,"stat.craftItem.minecraft.torch":256,"stat.pickup.minecraft.dirt":1710,"stat.craftItem.minecraft.iron_helmet":2,"stat.drop.actuallyadditions.item_spawner_changer":1,"stat.pickup.exchangers.resonant_exchanger":1,"stat.pickup.actuallyadditions.block_misc":19,"stat.craftItem.stoneblockutilities.crook_stone":3,"stat.pickup.minecraft.iron_ore":31,"stat.craftingTableInteraction":6,"stat.useItem.minecraft.sapling":34,"stat.pickup.minecraft.gold_ore":22,"stat.mineBlock.minecraft.lapis_ore":6,"stat.craftItem.exnihilocreatio.item_ore_iron":175,"stat.craftItem.tconstruct.pattern":16,"stat.damageTaken":138,"stat.mineBlock.minecraft.furnace":8,"stat.mineBlock.minecraft.torch":11,"stat.useItem.minecraft.furnace":7,"stat.pickup.excompressum.wood_chippings":3,"stat.useItem.harvestcraft.epicbaconitem":1,"stat.craftItem.tconstruct.materials":21,"stat.mineBlock.minecraft.sapling":4,"stat.pickup.minecraft.dye":275,"stat.pickup.exnihilocreatio.item_ore_gold":25,"stat.pickup.exnihilocreatio.item_ore_silver":42,"stat.pickup.enderio.item_material":14,"stat.mineBlock.minecraft.gravel":170,"stat.useItem.minecraft.stone_pickaxe":656,"stat.craftItem.extrautils2.compressedsand":193,"stat.damageDealt":831,"stat.mineBlock.exnihilocreatio.block_barrel1":1,"stat.drop.enderio.item_material":2,"stat.mineBlock.minecraft.dirt":8,"stat.craftItem.minecraft.iron_sword":1,"stat.useItem.stoneblockutilities.crook_stone":1228,"stat.craftItem.minecraft.stone_slab":6,"stat.walkOneCm":636399,"stat.craftItem.excompressum.compressed_block":192,"stat.useItem.minecraft.chest":6,"stat.playerKills":1,"stat.mineBlock.extrautils2.compresseddirt":184,"stat.pickup.minecraft.stick":6,"stat.pickup.tp.plump_pear":1,"stat.useItem.minecraft.cobblestone":63,"stat.craftItem.minecraft.crafting_table":6,"stat.craftItem.extrautils2.compressedgravel":368,"stat.useItem.minecraft.gravel":76,"stat.pickup.thaumcraft.crystal_aer":42,"stat.mineBlock.minecraft.emerald_ore":2,"stat.pickup.minecraft.log":101,"stat.pickup.minecraft.iron_pickaxe":1,"stat.pickup.minecraft.stone":74,"stat.pickup.minecraft.sapling":175,"stat.pickup.minecraft.apple":5,"stat.drop.minecraft.clay":1,"stat.pickup.extrautils2.compresseddirt":1,"stat.drop.thermalfoundation.upgrade":1,"stat.craftItem.minecraft.planks":308,"stat.craftItem.exnihilocreatio.item_ore_tin":24,"stat.mineBlock.tconstruct.toolforge":1,"stat.useItem.minecraft.iron_sword":3,"stat.useItem.exnihilocreatio.block_crucible":6,"stat.pickup.thaumcraft.crystal_perditio":34,"stat.craftItem.exnihilocreatio.block_barrel1":1,"stat.mobKills":1,"stat.mineBlock.minecraft.log":81,"stat.pickup.minecraft.diamond":25,"stat.mineBlock.minecraft.leaves":518,"stat.pickup.minecraft.torch":28,"stat.craftItem.exnihilocreatio.item_ore_aluminium":37,"stat.mineBlock.minecraft.redstone_ore":33,"stat.sneakTime":3667,"stat.drop.minecraft.stone_axe":1,"stat.mineBlock.extrautils2.compressedgravel":182,"stat.craftItem.minecraft.cobblestone":53,"stat.mineBlock.minecraft.stone":6389,"stat.useItem.extrautils2.compresseddirt":180,"stat.pickup.ftbquests.book":1}