{"stat.craftItem.stonechest.chest_cobblestone":3,"stat.drop.ftbquests.book":1,"stat.walkOneCm":173234,"stat.craftItem.minecraft.bed":2,"stat.craftItem.stonechest.part_cobblestone":11,"stat.pickup.minecraft.gravel":63,"stat.mineBlock.minecraft.cobblestone":63,"stat.useItem.minecraft.cobblestone":58,"stat.useItem.minecraft.gravel":59,"stat.pickup.stonechest.part_cobblestone":1,"stat.useItem.minecraft.apple":3,"stat.craftItem.minecraft.wool":6,"stat.pickup.minecraft.log":47,"stat.pickup.minecraft.string":77,"stat.useItem.minecraft.sand":1,"stat.jump":43,"stat.fallOneCm":1424,"stat.craftItem.exnihilocreatio.hammer_stone":1,"stat.pickup.minecraft.furnace":2,"stat.useItem.tp.birthday_pickaxe":2321,"stat.useItem.minecraft.stone_axe":3,"stat.craftItem.tconstruct.stone_stick":4,"stat.crouchOneCm":4,"stat.pickup.minecraft.sapling":50,"stat.pickup.minecraft.dirt":63,"stat.useItem.minecraft.dirt":61,"stat.sprintOneCm":13876,"stat.useItem.minecraft.stone_slab2":15,"stat.pickup.minecraft.apple":1,"stat.drop.environmentaltech.void_ore_miner_cont_1":1,"stat.craftItem.stoneblockutilities.crook_stone":1,"stat.craftItem.minecraft.stick":8,"stat.pickup.exnihilocreatio.block_dust":1,"stat.pickup.minecraft.sand":5,"stat.craftItem.minecraft.furnace":8,"stat.useItem.minecraft.sapling":16,"stat.useItem.stonechest.chest_cobblestone":1,"stat.useItem.minecraft.bed":1,"stat.pickup.exnihilocreatio.item_material":8,"stat.craftItem.minecraft.planks":52,"stat.craftItem.minecraft.stone_axe":1,"stat.damageTaken":30,"stat.mineBlock.minecraft.furnace":2,"stat.mineBlock.minecraft.torch":1,"stat.useItem.minecraft.furnace":2,"stat.pickup.exnihilocreatio.item_pebble":340,"stat.pickup.excompressum.wood_chippings":3,"stat.pickup.minecraft.cobblestone":2083,"stat.mineBlock.minecraft.sapling":4,"stat.mineBlock.minecraft.log":5,"stat.useItem.exnihilocreatio.hammer_stone":139,"stat.mineBlock.exnihilocreatio.block_infested_leaves":12,"stat.flyOneCm":2780,"stat.drop":3,"stat.mineBlock.minecraft.sand":1,"stat.mineBlock.minecraft.leaves":115,"stat.playOneMinute":67201,"stat.mineBlock.minecraft.gravel":63,"stat.pickup.minecraft.torch":5,"stat.sneakTime":434,"stat.drop.minecraft.stone_axe":1,"stat.useItem.exnihilocreatio.item_material":6,"stat.timeSinceDeath":67201,"stat.pickup.exnihilocreatio.hammer_stone":1,"stat.pickup.petrock.stoneium":1,"stat.mineBlock.minecraft.dirt":5,"stat.craftItem.minecraft.cobblestone":53,"stat.mineBlock.minecraft.stone":2319,"stat.pickup.ftbquests.book":1,"stat.useItem.stoneblockutilities.crook_stone":658}