{"stat.craftItem.stonechest.chest_cobblestone":1,"stat.cakeSlicesEaten":7,"stat.walkOneCm":198523,"stat.useItem.minecraft.sapling":3,"stat.craftItem.stonechest.part_cobblestone":8,"stat.mineBlock.stoneblockutilities.stoneworkbench":1,"stat.pickup.minecraft.gravel":8,"stat.mineBlock.minecraft.cobblestone":8,"stat.useItem.minecraft.log":2,"stat.damageTaken":110,"stat.useItem.minecraft.cobblestone":13,"stat.craftItem.stoneblockutilities.stoneworkbench":1,"stat.pickup.minecraft.stone_axe":1,"stat.mineBlock.minecraft.torch":2,"stat.pickup.exnihilocreatio.item_pebble":386,"stat.useItem.minecraft.apple":4,"stat.pickup.minecraft.cobblestone":252,"stat.mineBlock.minecraft.log":11,"stat.drop.petrock.stoneium":1,"stat.pickup.stoneblockutilities.stoneworkbench":1,"stat.useItem.exnihilocreatio.hammer_stone":10,"stat.pickup.minecraft.log":11,"stat.mineBlock.exnihilocreatio.block_infested_leaves":39,"stat.pickup.minecraft.string":59,"stat.flyOneCm":13353,"stat.drop":6,"stat.jump":159,"stat.mineBlock.minecraft.leaves":52,"stat.playOneMinute":56822,"stat.fallOneCm":6914,"stat.pickup.minecraft.torch":3,"stat.mineBlock.minecraft.gravel":1,"stat.sneakTime":105,"stat.drop.exnihilocreatio.hammer_stone":1,"stat.timeSinceDeath":56822,"stat.pickup.minecraft.sapling":14,"stat.pickup.minecraft.dirt":17,"stat.sprintOneCm":41473,"stat.mineBlock.minecraft.dirt":16,"stat.drop.minecraft.log":3,"stat.useItem.minecraft.stone_slab2":8,"stat.craftItem.minecraft.cobblestone":56,"stat.mineBlock.minecraft.stone":1,"stat.craftItem.stoneblockutilities.crook_stone":1,"stat.drop.stonechest.part_cobblestone":1,"stat.pickup.ftbquests.book":1,"stat.useItem.stoneblockutilities.crook_stone":98}