{"stat.drop.excompressum.compressed_hammer_stone":1,"stat.leaveGame":1,"stat.pickup.mekanism.machineblock2":8,"stat.craftItem.excompressum.compressed_hammer_stone":3,"stat.mineBlock.extrautils2.compressedcobblestone":129,"stat.drop.exnihilocreatio.hammer_stone":2,"stat.drop.extrautils2.compressedgravel":12,"stat.drop.exnihilocreatio.item_ore_copper":1,"stat.useItem.minecraft.water_bucket":5,"stat.pickup.exnihilocreatio.block_dust":511,"stat.pickup.minecraft.sand":882,"stat.craftItem.minecraft.stone_axe":2,"stat.pickup.minecraft.bucket":1,"stat.pickup.exnihilocreatio.item_pebble":386,"stat.craftItem.tconstruct.casting":10,"stat.mineBlock.exnihilocreatio.block_infested_leaves":43,"stat.mineBlock.minecraft.sand":2,"stat.pickup.exnihilocreatio.item_ore_copper":1,"stat.useItem.exnihilocreatio.item_material":5,"stat.pickup.thermalfoundation.upgrade":1,"stat.useItem.minecraft.iron_pickaxe":250,"stat.craftItem.stonechest.chest_cobblestone":1,"stat.pickup.thermalfoundation.material":1,"stat.useItem.tp.cooked_apple":1,"stat.furnaceInteraction":98,"stat.drop.petrock.stoneium":1,"stat.pickup.actuallyadditions.item_solidified_experience":1,"stat.useItem.exnihilocreatio.item_cooked_silkworm":54,"stat.pickup.extrautils2.compressedsand":1,"stat.pickup.exnihilocreatio.item_ore_nickel":23,"stat.useItem.tconstruct.smeltery_io":9,"stat.pickup.actuallyadditions.item_dust":23,"stat.playOneMinute":271825,"stat.craftItem.minecraft.iron_pickaxe":1,"stat.pickup.tconstruct.seared":2,"stat.chestOpened":16,"stat.mineBlock.mekanism.machineblock2":8,"stat.pickup.tconstruct.casting":2,"stat.pickup.minecraft.arrow":6,"stat.drop.minecraft.flint":2,"stat.craftItem.minecraft.flint":12,"stat.pickup.stoneblockutilities.stoneworkbench":1,"stat.craftItem.minecraft.coal":190,"stat.fallOneCm":14981,"stat.drop.minecraft.dye":49,"stat.crouchOneCm":11786,"stat.craftItem.minecraft.iron_ingot":19,"stat.craftItem.minecraft.chest":12,"stat.killEntity.thermalfoundation.blizz":1,"stat.craftingTableInteraction":1,"stat.useItem.minecraft.furnace":7,"stat.craftItem.tconstruct.materials":363,"stat.pickup.draconicevolution.draconium_chest":1,"stat.pickup.minecraft.dye":50,"stat.pickup.exnihilocreatio.item_ore_gold":19,"stat.mineBlock.minecraft.gravel":2,"stat.useItem.minecraft.stone_pickaxe":2122,"stat.craftItem.tconstruct.seared_tank":1,"stat.mineBlock.minecraft.dirt":16,"stat.useItem.stoneblockutilities.crook_stone":1280,"stat.pickup.exnihilocreatio.item_mesh":2,"stat.useItem.minecraft.torch":37,"stat.mineBlock.exnihilocreatio.block_dust":3,"stat.mineBlock.extrautils2.compresseddirt":98,"stat.useItem.minecraft.log":2,"stat.pickup.minecraft.crafting_table":2,"stat.pickup.tp.plump_pear":1,"stat.useItem.minecraft.cobblestone":40,"stat.craftItem.minecraft.crafting_table":1,"stat.craftItem.extrautils2.compressedgravel":110,"stat.pickup.minecraft.log":318,"stat.craftItem.exnihilocreatio.block_sieve":1,"stat.pickup.minecraft.iron_pickaxe":1,"stat.drop.minecraft.sapling":64,"stat.craftItem.chisel.chisel_iron":1,"stat.pickup.minecraft.sapling":276,"stat.pickup.minecraft.apple":39,"stat.useItem.exnihilocreatio.block_barrel0":1,"stat.craftItem.tconstruct.smeltery_controller":1,"stat.craftItem.minecraft.bucket":1,"stat.craftItem.minecraft.planks":145,"stat.useItem.exnihilocreatio.block_crucible":5,"stat.craftItem.stoneblockutilities.stoneworkbench":1,"stat.mineBlock.minecraft.log":296,"stat.killEntity.BabySkeleton":2,"stat.mineBlock.exnihilocreatio.block_crucible":7,"stat.sneakTime":5521,"stat.pickup.exnihilocreatio.block_sieve":1,"stat.mineBlock.extrautils2.compressedgravel":99,"stat.pickup.environmentaltech.void_ore_miner_cont_1":1,"stat.craftItem.minecraft.cobblestone":56,"stat.cakeSlicesEaten":7,"stat.drop.minecraft.stone_pickaxe":1,"stat.pickup.minecraft.bone":4,"stat.craftItem.stonechest.part_cobblestone":8,"stat.mineBlock.minecraft.cobblestone":30,"stat.pickup.minecraft.stone_pickaxe":2,"stat.pickup.minecraft.flint":2,"stat.craftItem.tconstruct.faucet":10,"stat.craftItem.extrautils2.compressedcobblestone":136,"stat.swimOneCm":988,"stat.drop.minecraft.cobblestone":2,"stat.pickup.tp.plump_peach":1,"stat.useItem.minecraft.stone_slab2":105,"stat.craftItem.minecraft.stone_pickaxe":17,"stat.pickup.minecraft.cobblestone":3173,"stat.useItem.exnihilocreatio.hammer_stone":418,"stat.flyOneCm":193860,"stat.pickup.minecraft.clay":128,"stat.useItem.extrautils2.compressedgravel":96,"stat.craftItem.minecraft.wooden_slab":6,"stat.craftItem.extrautils2.compresseddirt":98,"stat.pickup.extrautils2.compressedgravel":1,"stat.timeSinceDeath":271825,"stat.drop.minecraft.log":3,"stat.drop.minecraft.coal":1,"stat.craftItem.tconstruct.seared":79,"stat.killEntity.Creeper":2,"stat.craftItem.tconstruct.soil":512,"stat.pickup.minecraft.string":131,"stat.craftItem.harvestcraft.apple_sapling":1,"stat.craftItem.exnihilocreatio.hammer_stone":29,"stat.pickup.excompressum.compressed_hammer_stone":2,"stat.craftItem.minecraft.stone_slab2":0,"stat.craftItem.tconstruct.tooltables":2,"stat.craftItem.excompressum.heavy_sieve":1,"stat.sprintOneCm":290581,"stat.pickup.stoneblockutilities.crook_stone":1,"stat.craftItem.minecraft.stick":104,"stat.pickup.exnihilocreatio.item_material":84,"stat.useItem.tconstruct.casting":8,"stat.mineBlock.minecraft.crafting_table":2,"stat.useItem.excompressum.compressed_hammer_stone":381,"stat.drop.exnihilocreatio.block_dust":3,"stat.useItem.extrautils2.crafter":1,"stat.drop.exnihilocreatio.item_cooked_silkworm":6,"stat.useItem.extrautils2.compressedsand":54,"stat.drop":32,"stat.craftItem.excompressum.wooden_crucible":1,"stat.useItem.tconstruct.seared":130,"stat.mineBlock.extrautils2.compressedsand":57,"stat.killEntity.Zombie":1,"stat.pickup.minecraft.snowball":1,"stat.craftItem.exnihilocreatio.item_cooked_silkworm":66,"stat.killEntity.BrainyZombie":1,"stat.pickup.exnihilocreatio.block_crucible":7,"stat.pickup.minecraft.gravel":1620,"stat.useItem.extrautils2.compressedcobblestone":132,"stat.pickup.minecraft.stone_axe":1,"stat.useItem.minecraft.apple":8,"stat.useItem.exnihilocreatio.block_dust":3,"stat.drop.minecraft.apple":1,"stat.jump":1072,"stat.useItem.minecraft.sand":1,"stat.pickup.minecraft.coal":1,"stat.pickup.minecraft.iron_helmet":1,"stat.pickup.minecraft.iron_ingot":2,"stat.craftItem.bonsaitrees.bonsaipot":12,"stat.useItem.minecraft.stone_axe":309,"stat.pickup.minecraft.gunpowder":28,"stat.craftItem.minecraft.torch":16,"stat.pickup.minecraft.dirt":900,"stat.craftItem.stoneblockutilities.crook_stone":5,"stat.drop.stonechest.part_cobblestone":1,"stat.useItem.minecraft.sapling":50,"stat.damageTaken":1062,"stat.mineBlock.minecraft.torch":14,"stat.pickup.exnihilocreatio.item_ore_silver":22,"stat.drop.tp.plump_peach":1,"stat.craftItem.extrautils2.compressedsand":56,"stat.drop.tp.cooked_apple":9,"stat.damageDealt":1870,"stat.walkOneCm":898149,"stat.craftItem.excompressum.compressed_block":42,"stat.craftItem.tconstruct.smeltery_io":10,"stat.pickup.minecraft.stick":1,"stat.mineBlock.stoneblockutilities.stoneworkbench":1,"stat.useItem.minecraft.lava_bucket":77,"stat.useItem.tconstruct.faucet":9,"stat.pickup.actuallyadditions.item_spawner_changer":1,"stat.killEntity.Skeleton":2,"stat.craftItem.tp.cooked_apple":18,"stat.craftItem.mekanism.machineblock2":3,"stat.mobKills":9,"stat.craftItem.exnihilocreatio.block_barrel0":2,"stat.mineBlock.minecraft.leaves":1238,"stat.pickup.minecraft.torch":38,"stat.mineBlock.tconstruct.seared":2,"stat.drop.exnihilocreatio.item_mesh":1,"stat.mineBlock.tconstruct.casting":2,"stat.craftItem.exnihilocreatio.item_mesh":4,"stat.mineBlock.minecraft.stone":2744,"stat.mineBlock.exnihilocreatio.block_sieve":1,"stat.useItem.extrautils2.compresseddirt":96,"stat.pickup.ftbquests.book":1}