{"stat.drop.excompressum.compressed_hammer_stone":1,"stat.leaveGame":3,"stat.pickup.mekanism.machineblock2":12,"stat.pickup.thaumcraft.crystal_ordo":11,"stat.craftItem.excompressum.compressed_hammer_stone":5,"stat.drop.exchangers.resonant_exchanger":1,"stat.mineBlock.extrautils2.compressedcobblestone":226,"stat.drop.exnihilocreatio.hammer_stone":2,"stat.pickup.enderstorage.ender_storage":1,"stat.drop.extrautils2.compressedgravel":12,"stat.drop.exnihilocreatio.item_ore_copper":1,"stat.useItem.minecraft.water_bucket":7,"stat.pickup.exnihilocreatio.block_dust":511,"stat.pickup.minecraft.rotten_flesh":2,"stat.pickup.minecraft.sand":1170,"stat.craftItem.minecraft.stone_axe":2,"stat.pickup.minecraft.bucket":1,"stat.pickup.exnihilocreatio.item_pebble":386,"stat.craftItem.tconstruct.casting":10,"stat.mineBlock.exnihilocreatio.block_infested_leaves":43,"stat.mineBlock.minecraft.sand":2,"stat.mineBlock.environmentaltech.void_ore_miner_cont_1":1,"stat.pickup.exnihilocreatio.item_ore_copper":38,"stat.useItem.exnihilocreatio.item_material":5,"stat.pickup.thermalfoundation.upgrade":1,"stat.useItem.minecraft.iron_pickaxe":250,"stat.craftItem.stonechest.chest_cobblestone":1,"stat.pickup.projectred-core.resource_item":13,"stat.pickup.thermalfoundation.material":1,"stat.useItem.tp.cooked_apple":1,"stat.craftItem.tp.iron_cobblegen_block":1,"stat.furnaceInteraction":104,"stat.pickup.exnihilocreatio.block_barrel1":1,"stat.drop.petrock.stoneium":1,"stat.pickup.actuallyadditions.item_solidified_experience":4,"stat.craftItem.thermalfoundation.material":27,"stat.craftItem.cyclicmagic.block_storeempty":6,"stat.useItem.exnihilocreatio.item_cooked_silkworm":60,"stat.pickup.extrautils2.compressedsand":1,"stat.pickup.exnihilocreatio.item_ore_iron":90,"stat.pickup.minecraft.iron_chestplate":1,"stat.pickup.tp.iron_cobblegen_block":1,"stat.craftItem.ironchest.iron_chest":10,"stat.pickup.exnihilocreatio.item_ore_nickel":23,"stat.useItem.buildcrafttransport.pipe_wood_item":1,"stat.pickup.minecraft.emerald":6,"stat.mineBlock.enderstorage.ender_storage":1,"stat.useItem.tconstruct.smeltery_io":9,"stat.pickup.actuallyadditions.item_dust":23,"stat.playOneMinute":367663,"stat.pickup.thaumcraft.crystal_terra":9,"stat.craftItem.minecraft.iron_pickaxe":1,"stat.drop.tp.birthday_pickaxe":1,"stat.pickup.minecraft.netherrack":3,"stat.pickup.tconstruct.seared":2,"stat.chestOpened":79,"stat.mineBlock.mekanism.machineblock2":12,"stat.pickup.tconstruct.casting":3,"stat.craftItem.appliedenergistics2.material":2,"stat.mineBlock.minecraft.netherrack":1,"stat.pickup.minecraft.arrow":7,"stat.pickup.extrautils2.compressedcobblestone":1,"stat.drop.minecraft.flint":2,"stat.craftItem.minecraft.flint":12,"stat.useItem.exchangers.resonant_exchanger":18,"stat.pickup.stoneblockutilities.stoneworkbench":1,"stat.craftItem.minecraft.coal":190,"stat.pickup.tconstruct.cast_custom":1,"stat.craftItem.minecraft.iron_nugget":207,"stat.fallOneCm":18638,"stat.drop.minecraft.dye":49,"stat.crouchOneCm":16295,"stat.craftItem.minecraft.iron_ingot":317,"stat.craftItem.minecraft.chest":37,"stat.pickup.bonsaitrees.bonsaipot":12,"stat.killEntity.thermalfoundation.blizz":1,"stat.craftItem.minecraft.hopper":12,"stat.craftingTableInteraction":4,"stat.useItem.minecraft.furnace":7,"stat.useItem.harvestcraft.epicbaconitem":7,"stat.craftItem.tconstruct.materials":363,"stat.pickup.draconicevolution.draconium_chest":1,"stat.pickup.minecraft.dye":110,"stat.pickup.exnihilocreatio.item_ore_gold":19,"stat.pickup.minecraft.iron_leggings":1,"stat.pickup.enderio.item_material":1,"stat.mineBlock.minecraft.gravel":9,"stat.useItem.minecraft.stone_pickaxe":2136,"stat.craftItem.tconstruct.seared_tank":1,"stat.pickup.thermaldynamics.duct_16":1,"stat.mineBlock.minecraft.dirt":28,"stat.craftItem.thermaldynamics.duct_16":54,"stat.useItem.stoneblockutilities.crook_stone":1280,"stat.pickup.exnihilocreatio.item_mesh":2,"stat.useItem.minecraft.torch":37,"stat.mineBlock.exnihilocreatio.block_dust":3,"stat.mineBlock.extrautils2.compresseddirt":131,"stat.drop.minecraft.rotten_flesh":2,"stat.useItem.ironchest.iron_chest":9,"stat.useItem.minecraft.log":2,"stat.pickup.minecraft.crafting_table":2,"stat.pickup.tp.plump_pear":1,"stat.useItem.minecraft.cobblestone":102,"stat.useItem.cyclicmagic.block_storeempty":5,"stat.craftItem.minecraft.crafting_table":1,"stat.craftItem.extrautils2.compressedgravel":206,"stat.useItem.minecraft.gravel":5,"stat.pickup.minecraft.log":318,"stat.craftItem.exnihilocreatio.block_sieve":1,"stat.pickup.minecraft.iron_pickaxe":1,"stat.craftItem.minecraft.gold_ingot":54,"stat.drop.minecraft.sapling":64,"stat.craftItem.chisel.chisel_iron":1,"stat.pickup.minecraft.sapling":276,"stat.pickup.minecraft.apple":48,"stat.useItem.exnihilocreatio.block_barrel0":1,"stat.pickup.extrautils2.compresseddirt":1,"stat.craftItem.tconstruct.smeltery_controller":1,"stat.craftItem.minecraft.bucket":1,"stat.craftItem.minecraft.planks":365,"stat.useItem.exnihilocreatio.block_crucible":18,"stat.craftItem.stoneblockutilities.stoneworkbench":1,"stat.mineBlock.minecraft.log":296,"stat.useItem.buildcrafttransport.pipe_stone_item":23,"stat.killEntity.BabySkeleton":2,"stat.mineBlock.exnihilocreatio.block_crucible":7,"stat.sneakTime":7399,"stat.pickup.exnihilocreatio.block_sieve":1,"stat.mineBlock.extrautils2.compressedgravel":131,"stat.pickup.environmentaltech.void_ore_miner_cont_1":2,"stat.craftItem.minecraft.cobblestone":56,"stat.cakeSlicesEaten":7,"stat.drop.minecraft.stone_pickaxe":1,"stat.pickup.minecraft.bone":5,"stat.craftItem.ceramics.unfired_clay":68,"stat.craftItem.stonechest.part_cobblestone":8,"stat.mineBlock.minecraft.cobblestone":49,"stat.pickup.minecraft.stone_pickaxe":2,"stat.pickup.minecraft.flint":2,"stat.craftItem.tconstruct.faucet":10,"stat.pickup.exnihilocreatio.item_ore_lead":31,"stat.craftItem.extrautils2.compressedcobblestone":328,"stat.drop.storagedrawers.upgrade_storage":1,"stat.swimOneCm":1564,"stat.craftItem.minecraft.clock":2,"stat.useItem.thermaldynamics.duct_16":27,"stat.drop.minecraft.cobblestone":2,"stat.pickup.tp.plump_peach":1,"stat.useItem.minecraft.obsidian":2,"stat.useItem.minecraft.dirt":6,"stat.useItem.minecraft.stone_slab2":138,"stat.pickup.minecraft.iron_boots":1,"stat.pickup.tp.cobblegen_block":1,"stat.craftItem.minecraft.stone_pickaxe":17,"stat.mineBlock.minecraft.obsidian":12,"stat.pickup.minecraft.cobblestone":3561,"stat.drop.exnihilocreatio.item_ore_iron":2,"stat.useItem.exnihilocreatio.hammer_stone":432,"stat.flyOneCm":338097,"stat.pickup.minecraft.clay":128,"stat.craftItem.minecraft.glass_bottle":3,"stat.useItem.extrautils2.compressedgravel":127,"stat.craftItem.minecraft.wooden_slab":6,"stat.craftItem.extrautils2.compresseddirt":130,"stat.pickup.extrautils2.compressedgravel":1,"stat.timeSinceDeath":367663,"stat.drop.minecraft.log":3,"stat.pickup.thaumcraft.crystal_ignis":7,"stat.drop.minecraft.coal":1,"stat.craftItem.buildcrafttransport.pipe_stone_item":48,"stat.craftItem.tconstruct.seared":79,"stat.killEntity.Creeper":3,"stat.craftItem.tconstruct.soil":512,"stat.pickup.minecraft.string":131,"stat.craftItem.harvestcraft.apple_sapling":1,"stat.craftItem.exnihilocreatio.hammer_stone":47,"stat.pickup.excompressum.compressed_hammer_stone":2,"stat.craftItem.minecraft.stone_slab2":0,"stat.pickup.exnihilocreatio.item_ore_aluminium":34,"stat.craftItem.tconstruct.tooltables":2,"stat.craftItem.excompressum.heavy_sieve":1,"stat.sprintOneCm":516461,"stat.pickup.stoneblockutilities.crook_stone":1,"stat.craftItem.minecraft.stick":128,"stat.pickup.exnihilocreatio.item_material":84,"stat.useItem.enderstorage.ender_storage":1,"stat.useItem.tconstruct.casting":8,"stat.mineBlock.minecraft.crafting_table":2,"stat.useItem.excompressum.compressed_hammer_stone":541,"stat.drop.exnihilocreatio.block_dust":3,"stat.useItem.extrautils2.crafter":1,"stat.drop.exnihilocreatio.item_cooked_silkworm":6,"stat.useItem.extrautils2.compressedsand":54,"stat.drop":42,"stat.craftItem.excompressum.wooden_crucible":1,"stat.useItem.tconstruct.seared":130,"stat.mineBlock.bonsaitrees.bonsaipot":12,"stat.mineBlock.extrautils2.compressedsand":57,"stat.killEntity.Zombie":3,"stat.pickup.minecraft.snowball":1,"stat.craftItem.exnihilocreatio.item_cooked_silkworm":66,"stat.craftItem.minecraft.piston":1,"stat.killEntity.BrainyZombie":2,"stat.pickup.exnihilocreatio.block_crucible":7,"stat.pickup.minecraft.gravel":2491,"stat.useItem.extrautils2.compressedcobblestone":289,"stat.pickup.minecraft.stone_axe":1,"stat.useItem.minecraft.apple":8,"stat.useItem.bonsaitrees.bonsaipot":21,"stat.pickup.minecraft.obsidian":12,"stat.useItem.exnihilocreatio.block_dust":3,"stat.pickup.exnihilocreatio.item_ore_tin":28,"stat.drop.minecraft.apple":1,"stat.jump":1638,"stat.useItem.minecraft.sand":1,"stat.pickup.minecraft.coal":49,"stat.pickup.minecraft.iron_helmet":1,"stat.pickup.minecraft.iron_ingot":2,"stat.useItem.tp.birthday_pickaxe":130,"stat.craftItem.bonsaitrees.bonsaipot":24,"stat.craftItem.minecraft.lever":1,"stat.useItem.minecraft.stone_axe":334,"stat.pickup.minecraft.gunpowder":30,"stat.craftItem.minecraft.torch":16,"stat.pickup.minecraft.dirt":1218,"stat.pickup.exchangers.resonant_exchanger":1,"stat.craftItem.stoneblockutilities.crook_stone":5,"stat.drop.stonechest.part_cobblestone":1,"stat.useItem.minecraft.sapling":50,"stat.craftItem.exnihilocreatio.item_ore_iron":57,"stat.craftItem.randomthings.timeinabottle":2,"stat.damageTaken":1615,"stat.mineBlock.minecraft.torch":16,"stat.craftItem.buildcraftcore.engine":1,"stat.craftItem.buildcrafttransport.pipe_wood_item":8,"stat.pickup.exnihilocreatio.item_ore_silver":22,"stat.drop.tp.plump_peach":1,"stat.craftItem.extrautils2.compressedsand":56,"stat.drop.tp.cooked_apple":9,"stat.damageDealt":2765,"stat.sleepInBed":1,"stat.walkOneCm":1123890,"stat.craftItem.excompressum.compressed_block":42,"stat.craftItem.tconstruct.smeltery_io":10,"stat.useItem.minecraft.chest":13,"stat.pickup.minecraft.stick":1,"stat.mineBlock.stoneblockutilities.stoneworkbench":1,"stat.pickup.minecraft.clay_ball":15,"stat.craftItem.thermaldynamics.servo":36,"stat.mineBlock.thermaldynamics.duct_16":1,"stat.useItem.minecraft.lava_bucket":86,"stat.pickup.thaumcraft.crystal_aer":5,"stat.drop.minecraft.netherrack":3,"stat.useItem.tconstruct.faucet":9,"stat.pickup.actuallyadditions.item_spawner_changer":1,"stat.pickup.thermaldynamics.servo":2,"stat.killEntity.Skeleton":3,"stat.craftItem.tp.cooked_apple":18,"stat.craftItem.mekanism.machineblock2":3,"stat.pickup.thaumcraft.crystal_perditio":7,"stat.mobKills":14,"stat.craftItem.exnihilocreatio.block_barrel0":2,"stat.pickup.storagedrawers.upgrade_storage":1,"stat.craftItem.exnihilocreatio.item_ore_gold":13,"stat.pickup.minecraft.diamond":13,"stat.mineBlock.minecraft.leaves":1238,"stat.pickup.minecraft.torch":40,"stat.useItem.thermaldynamics.servo":23,"stat.mineBlock.tconstruct.seared":2,"stat.useItem.chisel.cobblestone2":16,"stat.drop.exnihilocreatio.item_mesh":1,"stat.mineBlock.tconstruct.casting":3,"stat.mineBlock.tp.cobblegen_block":1,"stat.craftItem.exnihilocreatio.item_mesh":6,"stat.mineBlock.minecraft.stone":3270,"stat.mineBlock.exnihilocreatio.block_sieve":1,"stat.useItem.extrautils2.compresseddirt":127,"stat.useItem.randomthings.timeinabottle":1,"stat.pickup.ftbquests.book":1}