{"stat.craftItem.stonechest.chest_cobblestone":1,"stat.cakeSlicesEaten":7,"stat.walkOneCm":318154,"stat.useItem.minecraft.torch":2,"stat.craftItem.stonechest.part_cobblestone":8,"stat.pickup.minecraft.stick":1,"stat.mineBlock.stoneblockutilities.stoneworkbench":1,"stat.pickup.minecraft.gravel":14,"stat.mineBlock.minecraft.cobblestone":14,"stat.useItem.minecraft.log":2,"stat.useItem.minecraft.cobblestone":19,"stat.pickup.tp.plump_pear":1,"stat.pickup.minecraft.stone_axe":1,"stat.useItem.minecraft.apple":8,"stat.drop.petrock.stoneium":1,"stat.pickup.stoneblockutilities.stoneworkbench":1,"stat.pickup.minecraft.log":160,"stat.pickup.minecraft.string":131,"stat.drop.minecraft.apple":1,"stat.jump":278,"stat.fallOneCm":7607,"stat.craftItem.harvestcraft.apple_sapling":1,"stat.craftItem.exnihilocreatio.hammer_stone":1,"stat.drop.exnihilocreatio.hammer_stone":1,"stat.useItem.minecraft.stone_axe":148,"stat.pickup.tp.plump_peach":1,"stat.crouchOneCm":983,"stat.pickup.minecraft.sapling":148,"stat.pickup.minecraft.dirt":18,"stat.sprintOneCm":64756,"stat.useItem.minecraft.stone_slab2":18,"stat.pickup.minecraft.apple":12,"stat.craftItem.stoneblockutilities.crook_stone":5,"stat.drop.stonechest.part_cobblestone":1,"stat.useItem.minecraft.sapling":28,"stat.pickup.exnihilocreatio.item_material":36,"stat.craftItem.minecraft.stone_axe":1,"stat.damageTaken":130,"stat.craftItem.stoneblockutilities.stoneworkbench":1,"stat.mineBlock.minecraft.torch":3,"stat.pickup.exnihilocreatio.item_pebble":386,"stat.pickup.minecraft.cobblestone":532,"stat.mineBlock.minecraft.log":160,"stat.useItem.extrautils2.crafter":1,"stat.mineBlock.exnihilocreatio.block_infested_leaves":43,"stat.useItem.exnihilocreatio.hammer_stone":131,"stat.flyOneCm":42400,"stat.drop.tp.plump_peach":1,"stat.drop":8,"stat.mineBlock.minecraft.leaves":683,"stat.playOneMinute":81122,"stat.pickup.minecraft.torch":8,"stat.mineBlock.minecraft.gravel":2,"stat.sneakTime":1363,"stat.damageDealt":10,"stat.useItem.exnihilocreatio.item_material":5,"stat.timeSinceDeath":81122,"stat.mineBlock.minecraft.dirt":16,"stat.drop.minecraft.log":3,"stat.pickup.environmentaltech.void_ore_miner_cont_1":1,"stat.craftItem.minecraft.cobblestone":56,"stat.mineBlock.minecraft.stone":116,"stat.pickup.ftbquests.book":1,"stat.useItem.stoneblockutilities.crook_stone":731}