{"stat.cakeSlicesEaten":7,"stat.drop.minecraft.stone_pickaxe":1,"stat.pickup.minecraft.bone":3,"stat.craftItem.stonechest.part_cobblestone":8,"stat.pickup.minecraft.gravel":14,"stat.pickup.minecraft.arrow":2,"stat.mineBlock.minecraft.cobblestone":14,"stat.pickup.minecraft.stone_pickaxe":2,"stat.pickup.minecraft.stone_axe":1,"stat.useItem.minecraft.apple":8,"stat.pickup.stoneblockutilities.stoneworkbench":1,"stat.craftItem.minecraft.coal":126,"stat.drop.minecraft.apple":1,"stat.jump":487,"stat.fallOneCm":9877,"stat.drop.exnihilocreatio.hammer_stone":1,"stat.useItem.minecraft.stone_axe":274,"stat.pickup.tp.plump_peach":1,"stat.crouchOneCm":8679,"stat.pickup.minecraft.dirt":18,"stat.useItem.minecraft.stone_slab2":48,"stat.craftItem.stoneblockutilities.crook_stone":5,"stat.killEntity.thermalfoundation.blizz":1,"stat.drop.stonechest.part_cobblestone":1,"stat.craftingTableInteraction":1,"stat.useItem.minecraft.sapling":44,"stat.craftItem.minecraft.stone_axe":2,"stat.damageTaken":590,"stat.mineBlock.minecraft.torch":4,"stat.craftItem.minecraft.stone_pickaxe":12,"stat.useItem.minecraft.furnace":7,"stat.pickup.exnihilocreatio.item_pebble":386,"stat.pickup.minecraft.cobblestone":2264,"stat.mineBlock.exnihilocreatio.block_infested_leaves":43,"stat.useItem.exnihilocreatio.hammer_stone":322,"stat.flyOneCm":82739,"stat.drop.tp.plump_peach":1,"stat.mineBlock.minecraft.gravel":2,"stat.useItem.minecraft.stone_pickaxe":1573,"stat.craftItem.minecraft.wooden_slab":6,"stat.damageDealt":1010,"stat.useItem.exnihilocreatio.item_material":5,"stat.timeSinceDeath":155822,"stat.drop.minecraft.log":3,"stat.mineBlock.minecraft.dirt":16,"stat.useItem.stoneblockutilities.crook_stone":1191,"stat.craftItem.stonechest.chest_cobblestone":1,"stat.walkOneCm":536312,"stat.useItem.minecraft.torch":12,"stat.pickup.minecraft.stick":1,"stat.mineBlock.stoneblockutilities.stoneworkbench":1,"stat.useItem.minecraft.log":2,"stat.pickup.thermalfoundation.material":1,"stat.pickup.minecraft.crafting_table":1,"stat.pickup.tp.plump_pear":1,"stat.useItem.minecraft.cobblestone":19,"stat.furnaceInteraction":54,"stat.drop.petrock.stoneium":1,"stat.pickup.actuallyadditions.item_solidified_experience":1,"stat.pickup.minecraft.log":293,"stat.pickup.minecraft.string":131,"stat.craftItem.exnihilocreatio.block_sieve":1,"stat.craftItem.harvestcraft.apple_sapling":1,"stat.craftItem.exnihilocreatio.hammer_stone":2,"stat.craftItem.minecraft.stone_slab2":0,"stat.useItem.exnihilocreatio.item_cooked_silkworm":25,"stat.pickup.actuallyadditions.item_spawner_changer":1,"stat.pickup.minecraft.sapling":256,"stat.craftItem.tconstruct.tooltables":1,"stat.craftItem.excompressum.heavy_sieve":1,"stat.sprintOneCm":106527,"stat.pickup.minecraft.apple":28,"stat.craftItem.minecraft.stick":32,"stat.killEntity.Skeleton":1,"stat.pickup.exnihilocreatio.item_material":78,"stat.craftItem.minecraft.planks":24,"stat.mineBlock.minecraft.crafting_table":1,"stat.craftItem.stoneblockutilities.stoneworkbench":1,"stat.mobKills":5,"stat.mineBlock.minecraft.log":271,"stat.useItem.extrautils2.crafter":1,"stat.drop.exnihilocreatio.item_cooked_silkworm":6,"stat.drop":15,"stat.mineBlock.minecraft.leaves":1148,"stat.playOneMinute":155822,"stat.pickup.minecraft.torch":23,"stat.killEntity.BabySkeleton":2,"stat.craftItem.excompressum.wooden_crucible":1,"stat.sneakTime":4622,"stat.pickup.exnihilocreatio.block_sieve":1,"stat.killEntity.Zombie":1,"stat.pickup.minecraft.snowball":1,"stat.pickup.environmentaltech.void_ore_miner_cont_1":1,"stat.craftItem.exnihilocreatio.item_cooked_silkworm":66,"stat.craftItem.exnihilocreatio.item_mesh":2,"stat.craftItem.minecraft.cobblestone":56,"stat.mineBlock.minecraft.stone":1888,"stat.mineBlock.exnihilocreatio.block_sieve":1,"stat.pickup.ftbquests.book":1}