{"stat.cakeSlicesEaten":7,"stat.drop.minecraft.stone_pickaxe":1,"stat.chestOpened":8,"stat.pickup.minecraft.bone":3,"stat.drop.excompressum.compressed_hammer_stone":1,"stat.craftItem.stonechest.part_cobblestone":8,"stat.pickup.minecraft.gravel":1297,"stat.pickup.minecraft.arrow":4,"stat.mineBlock.minecraft.cobblestone":18,"stat.useItem.extrautils2.compressedcobblestone":132,"stat.pickup.minecraft.stone_pickaxe":2,"stat.pickup.minecraft.stone_axe":1,"stat.pickup.minecraft.flint":2,"stat.useItem.minecraft.apple":8,"stat.craftItem.tconstruct.faucet":10,"stat.drop.minecraft.flint":2,"stat.craftItem.minecraft.flint":12,"stat.useItem.exnihilocreatio.block_dust":3,"stat.pickup.stoneblockutilities.stoneworkbench":1,"stat.craftItem.excompressum.compressed_hammer_stone":3,"stat.craftItem.minecraft.coal":190,"stat.drop.minecraft.apple":1,"stat.craftItem.extrautils2.compressedcobblestone":136,"stat.mineBlock.extrautils2.compressedcobblestone":129,"stat.jump":662,"stat.useItem.minecraft.sand":1,"stat.swimOneCm":768,"stat.pickup.minecraft.coal":1,"stat.pickup.minecraft.iron_helmet":1,"stat.fallOneCm":11323,"stat.pickup.minecraft.iron_ingot":2,"stat.drop.minecraft.dye":49,"stat.drop.exnihilocreatio.hammer_stone":1,"stat.useItem.minecraft.stone_axe":274,"stat.pickup.tp.plump_peach":1,"stat.drop.extrautils2.compressedgravel":12,"stat.pickup.minecraft.gunpowder":24,"stat.crouchOneCm":8775,"stat.craftItem.minecraft.iron_ingot":1,"stat.craftItem.minecraft.torch":16,"stat.pickup.minecraft.dirt":900,"stat.useItem.minecraft.stone_slab2":72,"stat.craftItem.stoneblockutilities.crook_stone":5,"stat.killEntity.thermalfoundation.blizz":1,"stat.drop.stonechest.part_cobblestone":1,"stat.drop.exnihilocreatio.item_ore_copper":1,"stat.useItem.minecraft.water_bucket":5,"stat.craftingTableInteraction":1,"stat.pickup.exnihilocreatio.block_dust":511,"stat.pickup.minecraft.sand":882,"stat.useItem.minecraft.sapling":44,"stat.craftItem.minecraft.stone_axe":2,"stat.damageTaken":620,"stat.mineBlock.minecraft.torch":5,"stat.craftItem.minecraft.stone_pickaxe":15,"stat.useItem.minecraft.furnace":7,"stat.pickup.exnihilocreatio.item_pebble":386,"stat.craftItem.tconstruct.materials":363,"stat.pickup.minecraft.cobblestone":2576,"stat.craftItem.tconstruct.casting":10,"stat.pickup.minecraft.dye":49,"stat.pickup.exnihilocreatio.item_ore_gold":19,"stat.mineBlock.exnihilocreatio.block_infested_leaves":43,"stat.useItem.exnihilocreatio.hammer_stone":332,"stat.pickup.exnihilocreatio.item_ore_silver":20,"stat.flyOneCm":102167,"stat.pickup.minecraft.clay":128,"stat.drop.tp.plump_peach":1,"stat.mineBlock.minecraft.sand":2,"stat.mineBlock.minecraft.gravel":2,"stat.useItem.extrautils2.compressedgravel":96,"stat.useItem.minecraft.stone_pickaxe":1837,"stat.craftItem.extrautils2.compressedsand":56,"stat.craftItem.tconstruct.seared_tank":1,"stat.craftItem.minecraft.wooden_slab":6,"stat.craftItem.extrautils2.compresseddirt":98,"stat.pickup.exnihilocreatio.item_ore_copper":1,"stat.drop.tp.cooked_apple":9,"stat.pickup.extrautils2.compressedgravel":1,"stat.damageDealt":1020,"stat.useItem.exnihilocreatio.item_material":5,"stat.pickup.thermalfoundation.upgrade":1,"stat.timeSinceDeath":204422,"stat.drop.minecraft.log":3,"stat.mineBlock.minecraft.dirt":16,"stat.useItem.stoneblockutilities.crook_stone":1191,"stat.pickup.exnihilocreatio.item_mesh":2,"stat.craftItem.stonechest.chest_cobblestone":1,"stat.walkOneCm":675050,"stat.drop.minecraft.coal":1,"stat.useItem.minecraft.torch":29,"stat.craftItem.excompressum.compressed_block":42,"stat.mineBlock.exnihilocreatio.block_dust":3,"stat.craftItem.tconstruct.smeltery_io":10,"stat.mineBlock.extrautils2.compresseddirt":98,"stat.pickup.minecraft.stick":1,"stat.mineBlock.stoneblockutilities.stoneworkbench":1,"stat.useItem.minecraft.log":2,"stat.pickup.thermalfoundation.material":1,"stat.pickup.minecraft.crafting_table":2,"stat.useItem.tp.cooked_apple":1,"stat.craftItem.tconstruct.seared":79,"stat.pickup.tp.plump_pear":1,"stat.useItem.minecraft.cobblestone":23,"stat.furnaceInteraction":95,"stat.craftItem.minecraft.crafting_table":1,"stat.craftItem.extrautils2.compressedgravel":110,"stat.drop.petrock.stoneium":1,"stat.pickup.actuallyadditions.item_solidified_experience":1,"stat.craftItem.tconstruct.soil":512,"stat.pickup.minecraft.log":293,"stat.pickup.minecraft.string":131,"stat.craftItem.exnihilocreatio.block_sieve":1,"stat.craftItem.harvestcraft.apple_sapling":1,"stat.pickup.minecraft.iron_pickaxe":1,"stat.craftItem.exnihilocreatio.hammer_stone":29,"stat.pickup.excompressum.compressed_hammer_stone":1,"stat.craftItem.minecraft.stone_slab2":0,"stat.useItem.exnihilocreatio.item_cooked_silkworm":26,"stat.drop.minecraft.sapling":64,"stat.pickup.extrautils2.compressedsand":1,"stat.pickup.actuallyadditions.item_spawner_changer":1,"stat.pickup.minecraft.sapling":256,"stat.craftItem.tconstruct.tooltables":2,"stat.craftItem.excompressum.heavy_sieve":1,"stat.sprintOneCm":146065,"stat.pickup.minecraft.apple":33,"stat.useItem.exnihilocreatio.block_barrel0":1,"stat.craftItem.minecraft.stick":96,"stat.craftItem.tconstruct.smeltery_controller":1,"stat.killEntity.Skeleton":1,"stat.craftItem.minecraft.bucket":1,"stat.pickup.exnihilocreatio.item_material":78,"stat.craftItem.minecraft.planks":41,"stat.craftItem.tp.cooked_apple":18,"stat.mineBlock.minecraft.crafting_table":2,"stat.craftItem.stoneblockutilities.stoneworkbench":1,"stat.pickup.exnihilocreatio.item_ore_nickel":22,"stat.useItem.excompressum.compressed_hammer_stone":381,"stat.drop.exnihilocreatio.block_dust":3,"stat.mobKills":5,"stat.craftItem.exnihilocreatio.block_barrel0":2,"stat.mineBlock.minecraft.log":271,"stat.useItem.extrautils2.crafter":1,"stat.drop.exnihilocreatio.item_cooked_silkworm":6,"stat.useItem.extrautils2.compressedsand":54,"stat.drop":29,"stat.mineBlock.minecraft.leaves":1148,"stat.pickup.actuallyadditions.item_dust":23,"stat.playOneMinute":204422,"stat.pickup.minecraft.torch":27,"stat.killEntity.BabySkeleton":2,"stat.craftItem.excompressum.wooden_crucible":1,"stat.mineBlock.tconstruct.seared":2,"stat.useItem.tconstruct.seared":34,"stat.sneakTime":4682,"stat.drop.exnihilocreatio.item_mesh":1,"stat.pickup.exnihilocreatio.block_sieve":1,"stat.mineBlock.extrautils2.compressedsand":57,"stat.killEntity.Zombie":1,"stat.mineBlock.extrautils2.compressedgravel":99,"stat.pickup.minecraft.snowball":1,"stat.pickup.environmentaltech.void_ore_miner_cont_1":1,"stat.craftItem.exnihilocreatio.item_cooked_silkworm":66,"stat.craftItem.exnihilocreatio.item_mesh":4,"stat.craftItem.minecraft.cobblestone":56,"stat.mineBlock.minecraft.stone":2156,"stat.mineBlock.exnihilocreatio.block_sieve":1,"stat.useItem.extrautils2.compresseddirt":96,"stat.pickup.ftbquests.book":1,"stat.pickup.tconstruct.seared":2}