{"stat.drop.excompressum.compressed_hammer_stone":1,"stat.leaveGame":5,"stat.pickup.mekanism.machineblock2":12,"stat.pickup.thaumcraft.crystal_ordo":11,"stat.craftItem.excompressum.compressed_hammer_stone":6,"stat.drop.exchangers.resonant_exchanger":1,"stat.mineBlock.extrautils2.compressedcobblestone":290,"stat.drop.chickens.spawn_egg":2,"stat.drop.exnihilocreatio.hammer_stone":2,"stat.pickup.enderstorage.ender_storage":1,"stat.drop.extrautils2.compressedgravel":12,"stat.drop.exnihilocreatio.item_ore_copper":1,"stat.useItem.minecraft.water_bucket":8,"stat.pickup.exnihilocreatio.block_dust":511,"stat.pickup.minecraft.rotten_flesh":6,"stat.pickup.minecraft.sand":1242,"stat.craftItem.minecraft.stone_axe":2,"stat.pickup.minecraft.bucket":1,"stat.drop.hatchery.chickenmanure":1,"stat.pickup.exnihilocreatio.item_pebble":400,"stat.craftItem.tconstruct.casting":10,"stat.mineBlock.exnihilocreatio.block_infested_leaves":43,"stat.craftItem.minecraft.stone_sword":1,"stat.mineBlock.minecraft.sand":2,"stat.mineBlock.environmentaltech.void_ore_miner_cont_1":1,"stat.pickup.exnihilocreatio.item_ore_copper":42,"stat.useItem.exnihilocreatio.item_material":5,"stat.pickup.thermalfoundation.upgrade":3,"stat.useItem.minecraft.iron_pickaxe":250,"stat.craftItem.stonechest.chest_cobblestone":1,"stat.pickup.projectred-core.resource_item":19,"stat.pickup.thermalfoundation.material":1,"stat.useItem.tp.cooked_apple":1,"stat.craftItem.tp.iron_cobblegen_block":1,"stat.furnaceInteraction":106,"stat.pickup.exnihilocreatio.block_barrel1":1,"stat.drop.petrock.stoneium":1,"stat.pickup.actuallyadditions.item_solidified_experience":4,"stat.craftItem.thermalfoundation.material":27,"stat.craftItem.cyclicmagic.block_storeempty":6,"stat.useItem.exnihilocreatio.item_cooked_silkworm":60,"stat.pickup.extrautils2.compressedsand":1,"stat.pickup.minecraft.leather_helmet":1,"stat.pickup.exnihilocreatio.item_ore_iron":121,"stat.pickup.minecraft.iron_chestplate":1,"stat.pickup.minecraft.skull":2,"stat.pickup.exnihilocreatio.item_ore_osmium":3,"stat.pickup.tp.iron_cobblegen_block":1,"stat.craftItem.ironchest.iron_chest":10,"stat.pickup.exnihilocreatio.item_ore_nickel":29,"stat.useItem.buildcrafttransport.pipe_wood_item":1,"stat.pickup.minecraft.emerald":6,"stat.mineBlock.enderstorage.ender_storage":1,"stat.useItem.tconstruct.smeltery_io":9,"stat.pickup.minecraft.egg":6,"stat.pickup.actuallyadditions.item_dust":23,"stat.playOneMinute":473665,"stat.pickup.thaumcraft.crystal_terra":9,"stat.craftItem.minecraft.iron_pickaxe":1,"stat.drop.tp.birthday_pickaxe":1,"stat.pickup.minecraft.netherrack":3,"stat.pickup.tconstruct.seared":2,"stat.chestOpened":104,"stat.mineBlock.mekanism.machineblock2":12,"stat.pickup.fluxnetworks.fluxstorage":1,"stat.pickup.tconstruct.casting":3,"stat.craftItem.appliedenergistics2.material":2,"stat.mineBlock.minecraft.netherrack":1,"stat.pickup.minecraft.arrow":11,"stat.pickup.extrautils2.compressedcobblestone":1,"stat.drop.minecraft.flint":2,"stat.drop.thermalcultivation.watering_can":1,"stat.craftItem.minecraft.flint":28,"stat.useItem.exchangers.resonant_exchanger":18,"stat.pickup.stoneblockutilities.stoneworkbench":1,"stat.craftItem.minecraft.coal":190,"stat.pickup.tconstruct.cast_custom":1,"stat.craftItem.minecraft.iron_nugget":207,"stat.fallOneCm":24435,"stat.drop.minecraft.dye":49,"stat.drop.minecraft.stone_sword":1,"stat.crouchOneCm":21035,"stat.craftItem.minecraft.iron_ingot":317,"stat.craftItem.minecraft.chest":37,"stat.pickup.bonsaitrees.bonsaipot":12,"stat.killEntity.thermalfoundation.blizz":1,"stat.craftItem.minecraft.hopper":12,"stat.craftingTableInteraction":9,"stat.useItem.minecraft.furnace":7,"stat.useItem.harvestcraft.epicbaconitem":11,"stat.craftItem.tconstruct.materials":363,"stat.pickup.draconicevolution.draconium_chest":1,"stat.pickup.minecraft.dye":110,"stat.pickup.exnihilocreatio.item_ore_gold":22,"stat.pickup.minecraft.iron_leggings":1,"stat.pickup.minecraft.wheat_seeds":1,"stat.pickup.enderio.item_material":1,"stat.mineBlock.minecraft.gravel":17,"stat.useItem.minecraft.stone_pickaxe":2136,"stat.craftItem.tconstruct.seared_tank":1,"stat.useItem.minecraft.stone_sword":20,"stat.pickup.thermaldynamics.duct_16":1,"stat.mineBlock.minecraft.dirt":39,"stat.craftItem.thermaldynamics.duct_16":54,"stat.useItem.stoneblockutilities.crook_stone":1280,"stat.pickup.exnihilocreatio.item_mesh":2,"stat.useItem.minecraft.torch":42,"stat.mineBlock.exnihilocreatio.block_dust":3,"stat.mineBlock.extrautils2.compresseddirt":138,"stat.drop.minecraft.rotten_flesh":3,"stat.useItem.ironchest.iron_chest":9,"stat.useItem.minecraft.log":2,"stat.pickup.minecraft.crafting_table":2,"stat.pickup.tp.plump_pear":1,"stat.useItem.minecraft.cobblestone":163,"stat.useItem.cyclicmagic.block_storeempty":5,"stat.craftItem.minecraft.crafting_table":1,"stat.craftItem.extrautils2.compressedgravel":270,"stat.useItem.minecraft.gravel":12,"stat.pickup.minecraft.log":318,"stat.craftItem.exnihilocreatio.block_sieve":1,"stat.pickup.minecraft.iron_pickaxe":1,"stat.craftItem.minecraft.gold_ingot":54,"stat.drop.minecraft.sapling":64,"stat.craftItem.chisel.chisel_iron":1,"stat.pickup.minecraft.sapling":276,"stat.pickup.minecraft.apple":60,"stat.useItem.exnihilocreatio.block_barrel0":1,"stat.pickup.extrautils2.compresseddirt":1,"stat.craftItem.tconstruct.smeltery_controller":1,"stat.craftItem.minecraft.bucket":1,"stat.craftItem.minecraft.planks":365,"stat.useItem.exnihilocreatio.block_crucible":18,"stat.craftItem.stoneblockutilities.stoneworkbench":1,"stat.pickup.minecraft.stone_sword":1,"stat.mineBlock.minecraft.log":296,"stat.useItem.buildcrafttransport.pipe_stone_item":23,"stat.killEntity.BabySkeleton":2,"stat.mineBlock.exnihilocreatio.block_crucible":7,"stat.sneakTime":8539,"stat.pickup.exnihilocreatio.block_sieve":1,"stat.mineBlock.extrautils2.compressedgravel":196,"stat.pickup.environmentaltech.void_ore_miner_cont_1":2,"stat.craftItem.minecraft.cobblestone":56,"stat.cakeSlicesEaten":7,"stat.drop.minecraft.stone_pickaxe":1,"stat.pickup.minecraft.bone":14,"stat.craftItem.ceramics.unfired_clay":68,"stat.craftItem.stonechest.part_cobblestone":8,"stat.mineBlock.minecraft.cobblestone":105,"stat.pickup.minecraft.stone_pickaxe":2,"stat.pickup.minecraft.flint":3,"stat.craftItem.tconstruct.faucet":10,"stat.pickup.exnihilocreatio.item_ore_lead":37,"stat.craftItem.extrautils2.compressedcobblestone":392,"stat.drop.storagedrawers.upgrade_storage":1,"stat.swimOneCm":1770,"stat.craftItem.minecraft.clock":2,"stat.useItem.thermaldynamics.duct_16":27,"stat.drop.minecraft.cobblestone":2,"stat.pickup.tp.plump_peach":1,"stat.pickup.thermalexpansion.machine":1,"stat.useItem.minecraft.obsidian":2,"stat.useItem.minecraft.dirt":15,"stat.useItem.minecraft.cookie":16,"stat.useItem.minecraft.stone_slab2":152,"stat.pickup.minecraft.bow":3,"stat.pickup.minecraft.iron_boots":1,"stat.pickup.tp.cobblegen_block":1,"stat.craftItem.minecraft.stone_pickaxe":17,"stat.mineBlock.minecraft.obsidian":12,"stat.pickup.minecraft.cobblestone":4390,"stat.drop.exnihilocreatio.item_ore_iron":2,"stat.useItem.exnihilocreatio.hammer_stone":432,"stat.flyOneCm":540400,"stat.pickup.minecraft.clay":128,"stat.craftItem.minecraft.glass_bottle":3,"stat.useItem.extrautils2.compressedgravel":190,"stat.craftItem.minecraft.wooden_slab":6,"stat.craftItem.extrautils2.compresseddirt":137,"stat.pickup.extrautils2.compressedgravel":2,"stat.timeSinceDeath":473665,"stat.pickup.exnihilocreatio.hammer_stone":6,"stat.drop.minecraft.log":3,"stat.pickup.thaumcraft.crystal_ignis":7,"stat.killEntity.Bat":4,"stat.drop.minecraft.coal":1,"stat.pickup.hatchery.chickenmanure":3,"stat.craftItem.buildcrafttransport.pipe_stone_item":48,"stat.craftItem.tconstruct.seared":79,"stat.killEntity.Creeper":4,"stat.pickup.extrautils2.ingredients":8,"stat.craftItem.tconstruct.soil":512,"stat.pickup.minecraft.string":131,"stat.craftItem.harvestcraft.apple_sapling":1,"stat.craftItem.exnihilocreatio.hammer_stone":56,"stat.pickup.excompressum.compressed_hammer_stone":2,"stat.craftItem.minecraft.stone_slab2":0,"stat.pickup.exnihilocreatio.item_ore_aluminium":39,"stat.craftItem.tconstruct.tooltables":2,"stat.craftItem.excompressum.heavy_sieve":1,"stat.sprintOneCm":672152,"stat.pickup.actuallyadditions.item_misc":2,"stat.pickup.stoneblockutilities.crook_stone":1,"stat.craftItem.minecraft.stick":128,"stat.drop.thermalexpansion.reservoir":1,"stat.pickup.extrautils2.passivegenerator":2,"stat.pickup.exnihilocreatio.item_material":84,"stat.useItem.enderstorage.ender_storage":1,"stat.useItem.tconstruct.casting":8,"stat.mineBlock.minecraft.crafting_table":2,"stat.useItem.excompressum.compressed_hammer_stone":750,"stat.drop.exnihilocreatio.block_dust":3,"stat.pickup.yabba.upgrade_blank":16,"stat.useItem.extrautils2.crafter":1,"stat.drop.exnihilocreatio.item_cooked_silkworm":6,"stat.useItem.extrautils2.compressedsand":54,"stat.drop":51,"stat.craftItem.excompressum.wooden_crucible":1,"stat.useItem.tconstruct.seared":130,"stat.mineBlock.bonsaitrees.bonsaipot":12,"stat.mineBlock.extrautils2.compressedsand":57,"stat.killEntity.Zombie":4,"stat.pickup.minecraft.snowball":1,"stat.craftItem.minecraft.dye":27,"stat.craftItem.exnihilocreatio.item_cooked_silkworm":66,"stat.pickup.minecraft.wheat":3,"stat.craftItem.minecraft.piston":1,"stat.killEntity.BrainyZombie":2,"stat.pickup.exnihilocreatio.block_crucible":7,"stat.pickup.minecraft.gravel":3127,"stat.useItem.extrautils2.compressedcobblestone":352,"stat.pickup.minecraft.stone_axe":1,"stat.useItem.minecraft.apple":15,"stat.useItem.bonsaitrees.bonsaipot":21,"stat.pickup.minecraft.obsidian":12,"stat.useItem.exnihilocreatio.block_dust":3,"stat.pickup.exnihilocreatio.item_ore_tin":35,"stat.drop.minecraft.apple":1,"stat.jump":2415,"stat.useItem.minecraft.sand":1,"stat.pickup.minecraft.coal":49,"stat.pickup.minecraft.iron_helmet":1,"stat.pickup.minecraft.iron_ingot":2,"stat.useItem.tp.birthday_pickaxe":145,"stat.craftItem.bonsaitrees.bonsaipot":24,"stat.craftItem.minecraft.lever":1,"stat.useItem.minecraft.stone_axe":344,"stat.pickup.minecraft.gunpowder":32,"stat.craftItem.minecraft.torch":16,"stat.pickup.minecraft.dirt":1997,"stat.pickup.exchangers.resonant_exchanger":1,"stat.craftItem.stoneblockutilities.crook_stone":5,"stat.drop.stonechest.part_cobblestone":1,"stat.useItem.minecraft.sapling":50,"stat.craftItem.exnihilocreatio.item_ore_iron":57,"stat.pickup.actuallyadditions.item_coffee_seed":1,"stat.pickup.minecraft.cookie":28,"stat.craftItem.randomthings.timeinabottle":2,"stat.damageTaken":2442,"stat.pickup.minecraft.leather":4,"stat.mineBlock.minecraft.torch":25,"stat.craftItem.buildcraftcore.engine":1,"stat.pickup.immersiveengineering.metal":9,"stat.craftItem.buildcrafttransport.pipe_wood_item":8,"stat.pickup.mysticalagriculture.crafting":9,"stat.pickup.exnihilocreatio.item_ore_silver":30,"stat.drop.tp.plump_peach":1,"stat.craftItem.extrautils2.compressedsand":63,"stat.drop.tp.cooked_apple":9,"stat.pickup.thermalexpansion.reservoir":1,"stat.damageDealt":4348,"stat.sleepInBed":1,"stat.walkOneCm":1390654,"stat.craftItem.excompressum.compressed_block":42,"stat.craftItem.tconstruct.smeltery_io":10,"stat.useItem.minecraft.chest":13,"stat.playerKills":1,"stat.pickup.minecraft.stick":1,"stat.mineBlock.stoneblockutilities.stoneworkbench":1,"stat.pickup.minecraft.clay_ball":15,"stat.craftItem.thermaldynamics.servo":36,"stat.mineBlock.thermaldynamics.duct_16":1,"stat.useItem.minecraft.lava_bucket":86,"stat.pickup.thaumcraft.crystal_aer":5,"stat.drop.minecraft.netherrack":3,"stat.useItem.tconstruct.faucet":9,"stat.pickup.actuallyadditions.item_spawner_changer":1,"stat.drop.minecraft.egg":1,"stat.pickup.thermaldynamics.servo":2,"stat.killEntity.Skeleton":9,"stat.pickup.thermalcultivation.watering_can":1,"stat.pickup.cyclicmagic.glove_climb":2,"stat.craftItem.tp.cooked_apple":18,"stat.craftItem.mekanism.machineblock2":3,"stat.pickup.thaumcraft.crystal_perditio":7,"stat.mobKills":26,"stat.craftItem.exnihilocreatio.block_barrel0":2,"stat.pickup.storagedrawers.upgrade_storage":1,"stat.craftItem.exnihilocreatio.item_ore_gold":13,"stat.pickup.minecraft.diamond":13,"stat.mineBlock.minecraft.leaves":1238,"stat.pickup.ftbquests.lootcrate":2,"stat.pickup.minecraft.torch":58,"stat.useItem.thermaldynamics.servo":23,"stat.mineBlock.tconstruct.seared":2,"stat.useItem.chisel.cobblestone2":16,"stat.drop.exnihilocreatio.item_mesh":1,"stat.mineBlock.tconstruct.casting":3,"stat.drop.minecraft.stone_axe":1,"stat.mineBlock.tp.cobblegen_block":1,"stat.craftItem.exnihilocreatio.item_mesh":6,"stat.mineBlock.minecraft.stone":3977,"stat.mineBlock.exnihilocreatio.block_sieve":1,"stat.useItem.extrautils2.compresseddirt":133,"stat.useItem.randomthings.timeinabottle":1,"stat.pickup.ftbquests.book":1}