{"stat.drop.excompressum.compressed_hammer_stone":1,"stat.pickup.minecraft.wooden_slab":2,"stat.leaveGame":6,"stat.pickup.mekanism.machineblock2":12,"stat.craftItem.excompressum.compressed_hammer_stone":6,"stat.useItem.chancecubes.chance_cube":4,"stat.drop.exchangers.resonant_exchanger":1,"stat.mineBlock.minecraft.web":50,"stat.drop.exnihilocreatio.hammer_stone":2,"stat.pickup.exnihilocreatio.block_dust":511,"stat.pickup.minecraft.rotten_flesh":9,"stat.craftItem.minecraft.stone_axe":2,"stat.pickup.minecraft.bucket":1,"stat.mineBlock.minecraft.wooden_slab":1,"stat.drop.minecraft.sand":1,"stat.pickup.exnihilocreatio.item_ore_copper":42,"stat.craftItem.excompressum.bait":2,"stat.pickup.cyclicmagic.cyclic_wand_build":1,"stat.useItem.exnihilocreatio.item_material":5,"stat.pickup.thermalfoundation.upgrade":3,"stat.useItem.minecraft.iron_pickaxe":250,"stat.craftItem.stonechest.chest_cobblestone":1,"stat.pickup.thermalfoundation.material":1,"stat.craftItem.tp.iron_cobblegen_block":1,"stat.furnaceInteraction":109,"stat.mineBlock.chancecubes.chance_cube":7,"stat.useItem.chickens.spawn_egg":3,"stat.drop.petrock.stoneium":1,"stat.useItem.exnihilocreatio.item_cooked_silkworm":60,"stat.pickup.minecraft.leather_helmet":1,"stat.pickup.tp.iron_cobblegen_block":1,"stat.useItem.minecraft.wheat_seeds":7,"stat.pickup.minecraft.emerald":7,"stat.mineBlock.enderstorage.ender_storage":2,"stat.useItem.tconstruct.smeltery_io":9,"stat.pickup.minecraft.egg":9,"stat.pickup.actuallyadditions.item_dust":23,"stat.pickup.thaumcraft.crystal_terra":9,"stat.craftItem.minecraft.iron_pickaxe":1,"stat.drop.tp.birthday_pickaxe":2,"stat.mineBlock.minecraft.tallgrass":7,"stat.pickup.tconstruct.seared":2,"stat.chestOpened":158,"stat.mineBlock.mekanism.machineblock2":12,"stat.pickup.fluxnetworks.fluxstorage":1,"stat.pickup.thermalfoundation.wrench":1,"stat.pickup.minecraft.arrow":11,"stat.pickup.extrautils2.compressedcobblestone":1,"stat.drop.thermalcultivation.watering_can":1,"stat.pickup.stoneblockutilities.stoneworkbench":1,"stat.pickup.minecraft.gold_nugget":1,"stat.useItem.appliedenergistics2.nether_quartz_spade":9,"stat.craftItem.minecraft.coal":190,"stat.pickup.tconstruct.cast_custom":5,"stat.drop.minecraft.stone_sword":1,"stat.crouchOneCm":27622,"stat.craftItem.minecraft.iron_ingot":317,"stat.pickup.bonsaitrees.bonsaipot":12,"stat.killEntity.thermalfoundation.blizz":1,"stat.craftItem.minecraft.hopper":12,"stat.craftingTableInteraction":11,"stat.pickup.minecraft.repeater":3,"stat.useItem.minecraft.reeds":4,"stat.pickup.minecraft.dye":8076,"stat.pickup.exnihilocreatio.item_ore_gold":22,"stat.pickup.minecraft.planks":64,"stat.pickup.minecraft.wheat_seeds":454,"stat.pickup.enderio.item_material":1,"stat.pickup.thermaldynamics.duct_16":1,"stat.mineBlock.minecraft.dirt":40,"stat.craftItem.thermaldynamics.duct_16":54,"stat.pickup.minecraft.poisonous_potato":1,"stat.useItem.stoneblockutilities.crook_stone":1280,"stat.pickup.exnihilocreatio.item_mesh":2,"stat.mineBlock.extrautils2.compresseddirt":138,"stat.drop.minecraft.rotten_flesh":4,"stat.useItem.minecraft.cobblestone":360,"stat.useItem.cyclicmagic.block_storeempty":5,"stat.useItem.minecraft.gravel":12,"stat.craftItem.exnihilocreatio.block_sieve":1,"stat.pickup.minecraft.iron_pickaxe":1,"stat.craftItem.minecraft.gold_ingot":54,"stat.drop.minecraft.sapling":64,"stat.pickup.minecraft.hopper":3,"stat.pickup.minecraft.chicken":19,"stat.craftItem.chisel.chisel_iron":1,"stat.pickup.minecraft.apple":77,"stat.pickup.extrautils2.compresseddirt":5,"stat.craftItem.minecraft.bucket":2,"stat.craftItem.minecraft.planks":857,"stat.pickup.extrautils2.filter":2,"stat.craftItem.stoneblockutilities.stoneworkbench":1,"stat.pickup.minecraft.stone_sword":1,"stat.mineBlock.minecraft.log":296,"stat.useItem.roost.chicken":22,"stat.craftItem.minecraft.paper":102,"stat.killEntity.BabySkeleton":2,"stat.mineBlock.exnihilocreatio.block_crucible":7,"stat.pickup.minecraft.red_flower":1,"stat.pickup.exnihilocreatio.block_sieve":1,"stat.pickup.minecraft.wool":43,"stat.craftItem.minecraft.cobblestone":56,"stat.cakeSlicesEaten":7,"stat.pickup.cyclicmagic.sprinkler":1,"stat.mineBlock.minecraft.cobblestone":164,"stat.pickup.minecraft.stone_pickaxe":2,"stat.pickup.minecraft.flint":2996,"stat.useItem.cyclicmagic.cyclic_wand_build":3,"stat.drop.thermalfoundation.material":9,"stat.drop.storagedrawers.upgrade_storage":1,"stat.craftItem.minecraft.clock":2,"stat.useItem.thermaldynamics.duct_16":27,"stat.drop.minecraft.cobblestone":8,"stat.pickup.tp.plump_peach":1,"stat.useItem.minecraft.obsidian":2,"stat.useItem.minecraft.cookie":25,"stat.mineBlock.ironchest.iron_chest":38,"stat.useItem.minecraft.stone_slab2":275,"stat.pickup.minecraft.bow":3,"stat.pickup.minecraft.iron_boots":1,"stat.craftItem.minecraft.lapis_block":8,"stat.pickup.thermalfoundation.ore":1,"stat.pickup.tp.cobblegen_block":1,"stat.mineBlock.minecraft.obsidian":15,"stat.craftItem.minecraft.bow":1,"stat.useItem.exnihilocreatio.hammer_stone":432,"stat.flyOneCm":886038,"stat.useItem.extrautils2.compressedgravel":190,"stat.craftItem.yabba.upgrade_blank":224,"stat.timeSinceDeath":699279,"stat.useItem.minecraft.wooden_slab":1,"stat.killEntity.Bat":4,"stat.pickup.hatchery.chickenmanure":16,"stat.craftItem.tconstruct.seared":79,"stat.killEntity.Creeper":4,"stat.pickup.extrautils2.ingredients":8,"stat.craftItem.minecraft.stone_hoe":1,"stat.pickup.minecraft.string":184,"stat.pickup.excompressum.compressed_hammer_stone":2,"stat.craftItem.tconstruct.tooltables":2,"stat.craftItem.excompressum.heavy_sieve":1,"stat.sprintOneCm":1002820,"stat.pickup.stoneblockutilities.crook_stone":1,"stat.mineBlock.extrautils2.machine":1,"stat.pickup.extrautils2.passivegenerator":7,"stat.useItem.enderstorage.ender_storage":1,"stat.pickup.yabba.upgrade_blank":16,"stat.craftItem.excompressum.wooden_crucible":1,"stat.mineBlock.bonsaitrees.bonsaipot":12,"stat.mineBlock.extrautils2.compressedsand":57,"stat.killEntity.Zombie":4,"stat.pickup.minecraft.snowball":1,"stat.craftItem.minecraft.dye":54,"stat.craftItem.exnihilocreatio.item_cooked_silkworm":66,"stat.pickup.minecraft.wheat":473,"stat.pickup.extrautils2.machine":2,"stat.pickup.minecraft.sign":1,"stat.pickup.exnihilocreatio.block_crucible":7,"stat.pickup.minecraft.stone_axe":1,"stat.useItem.bonsaitrees.bonsaipot":21,"stat.pickup.minecraft.obsidian":15,"stat.drop.minecraft.apple":1,"stat.jump":3807,"stat.useItem.minecraft.sand":1,"stat.pickup.tp.birthday_pickaxe":1,"stat.pickup.minecraft.coal":52,"stat.pickup.minecraft.iron_ingot":2149,"stat.craftItem.minecraft.lever":2,"stat.pickup.minecraft.gunpowder":32,"stat.craftItem.minecraft.torch":16,"stat.pickup.minecraft.dirt":1998,"stat.drop.stonechest.part_cobblestone":1,"stat.useItem.minecraft.sapling":50,"stat.pickup.draconicevolution.generator":3,"stat.pickup.minecraft.cookie":34,"stat.pickup.appliedenergistics2.nether_quartz_spade":1,"stat.damageTaken":3251,"stat.mineBlock.minecraft.torch":29,"stat.craftItem.buildcraftcore.engine":2,"stat.pickup.immersiveengineering.metal":9,"stat.pickup.minecraft.potato":54,"stat.craftItem.extrautils2.compressedsand":63,"stat.drop.tp.cooked_apple":9,"stat.pickup.thermalexpansion.reservoir":1,"stat.craftItem.extrautils2.wateringcan":1,"stat.useItem.hatchery.chickenmanure":8,"stat.craftItem.yabba.upgrade_iron_tier":32,"stat.craftItem.tconstruct.smeltery_io":10,"stat.useItem.minecraft.chest":15,"stat.mineBlock.thermaldynamics.duct_16":1,"stat.useItem.minecraft.lava_bucket":92,"stat.pickup.thaumcraft.crystal_aer":5,"stat.craftItem.mekanism.ingot":27,"stat.drop.minecraft.netherrack":3,"stat.useItem.tconstruct.faucet":9,"stat.drop.roost.roost":8,"stat.drop.minecraft.egg":1,"stat.pickup.thermalcultivation.watering_can":1,"stat.pickup.cyclicmagic.glove_climb":2,"stat.drop.minecraft.cookie":9,"stat.craftItem.tp.cooked_apple":18,"stat.pickup.thaumcraft.crystal_perditio":7,"stat.mobKills":47,"stat.craftItem.exnihilocreatio.item_ore_gold":13,"stat.pickup.minecraft.diamond":13,"stat.pickup.ftbquests.lootcrate":6,"stat.pickup.minecraft.torch":67,"stat.useItem.thermaldynamics.servo":23,"stat.drop.exnihilocreatio.item_mesh":1,"stat.drop.minecraft.stone_axe":1,"stat.mineBlock.tp.cobblegen_block":1,"stat.mineBlock.exnihilocreatio.block_sieve":1,"stat.useItem.extrautils2.compresseddirt":133,"stat.useItem.randomthings.timeinabottle":160,"stat.pickup.ftbquests.book":1,"stat.mineBlock.thaumcraft.ore_quartz":1,"stat.pickup.thaumcraft.crystal_ordo":11,"stat.mineBlock.extrautils2.compressedcobblestone":290,"stat.drop.chickens.spawn_egg":2,"stat.pickup.enderstorage.ender_storage":2,"stat.drop.extrautils2.compressedgravel":12,"stat.drop.exnihilocreatio.item_ore_copper":1,"stat.useItem.minecraft.water_bucket":18,"stat.pickup.minecraft.sand":4860,"stat.drop.hatchery.chickenmanure":1,"stat.useItem.tp.bsc_iron_sword":7,"stat.pickup.exnihilocreatio.item_pebble":400,"stat.craftItem.tconstruct.casting":10,"stat.mineBlock.exnihilocreatio.block_infested_leaves":43,"stat.craftItem.minecraft.stone_sword":1,"stat.drop.roost.chicken":49,"stat.mineBlock.minecraft.sand":2,"stat.mineBlock.environmentaltech.void_ore_miner_cont_1":1,"stat.hopperInspected":1,"stat.useItem.yabba.item_barrel":36,"stat.pickup.thermalexpansion.cell":2,"stat.pickup.projectred-core.resource_item":19,"stat.useItem.tp.cooked_apple":1,"stat.craftItem.yabba.item_barrel":64,"stat.pickup.exnihilocreatio.block_barrel1":1,"stat.pickup.actuallyadditions.item_solidified_experience":14,"stat.craftItem.thermalfoundation.material":297,"stat.pickup.chickens.colored_egg":2,"stat.craftItem.cyclicmagic.block_storeempty":6,"stat.drop.buildcraftcore.gear_iron":1,"stat.pickup.extrautils2.compressedsand":1,"stat.pickup.exnihilocreatio.item_ore_iron":121,"stat.mineBlock.thermalexpansion.cell":1,"stat.pickup.minecraft.iron_chestplate":1,"stat.pickup.minecraft.skull":3,"stat.pickup.exnihilocreatio.item_ore_osmium":3,"stat.mineBlock.extrautils2.passivegenerator":5,"stat.craftItem.ironchest.iron_chest":10,"stat.pickup.exnihilocreatio.item_ore_nickel":29,"stat.useItem.buildcrafttransport.pipe_wood_item":1,"stat.mineBlock.minecraft.oak_stairs":2,"stat.pickup.ironchest.iron_chest":38,"stat.playOneMinute":699279,"stat.pickup.minecraft.blaze_rod":1,"stat.pickup.minecraft.netherrack":3,"stat.pickup.roost.breeder":8,"stat.pickup.tconstruct.casting":7,"stat.drop.minecraft.hopper":3,"stat.craftItem.appliedenergistics2.material":5,"stat.mineBlock.minecraft.netherrack":1,"stat.drop.minecraft.flint":5,"stat.craftItem.minecraft.flint":28,"stat.useItem.exchangers.resonant_exchanger":18,"stat.craftItem.minecraft.iron_nugget":207,"stat.fallOneCm":33029,"stat.drop.minecraft.dye":50,"stat.craftItem.minecraft.chest":53,"stat.mineBlock.cyclicmagic.harvester_block":1,"stat.pickup.minecraft.comparator":3,"stat.pickup.minecraft.feather":2,"stat.useItem.minecraft.furnace":7,"stat.useItem.harvestcraft.epicbaconitem":17,"stat.craftItem.tconstruct.materials":363,"stat.pickup.draconicevolution.draconium_chest":1,"stat.pickup.minecraft.iron_leggings":1,"stat.pickup.thermalfoundation.glass":8,"stat.mineBlock.minecraft.gravel":17,"stat.useItem.minecraft.stone_pickaxe":2136,"stat.craftItem.tconstruct.seared_tank":1,"stat.useItem.minecraft.stone_sword":81,"stat.useItem.chickens.colored_egg":1,"stat.useItem.minecraft.torch":42,"stat.mineBlock.exnihilocreatio.block_dust":3,"stat.useItem.ironchest.iron_chest":9,"stat.useItem.minecraft.log":2,"stat.pickup.minecraft.crafting_table":2,"stat.pickup.tp.plump_pear":1,"stat.craftItem.minecraft.crafting_table":2,"stat.craftItem.extrautils2.compressedgravel":270,"stat.pickup.excompressum.bait":2,"stat.mineBlock.minecraft.emerald_ore":1,"stat.pickup.minecraft.log":2166,"stat.pickup.minecraft.sapling":276,"stat.pickup.roost.chicken":3,"stat.useItem.exnihilocreatio.block_barrel0":1,"stat.craftItem.tconstruct.smeltery_controller":1,"stat.useItem.exnihilocreatio.block_crucible":18,"stat.useItem.minecraft.stone_hoe":5,"stat.useItem.buildcrafttransport.pipe_stone_item":23,"stat.sneakTime":10054,"stat.mineBlock.extrautils2.compressedgravel":196,"stat.pickup.environmentaltech.void_ore_miner_cont_1":2,"stat.drop.minecraft.stone_pickaxe":1,"stat.pickup.minecraft.bone":14,"stat.craftItem.ceramics.unfired_clay":68,"stat.pickup.minecraft.redstone_torch":3,"stat.craftItem.stonechest.part_cobblestone":8,"stat.craftItem.tconstruct.faucet":10,"stat.pickup.exnihilocreatio.item_ore_lead":37,"stat.craftItem.extrautils2.compressedcobblestone":392,"stat.swimOneCm":5241,"stat.pickup.thermalexpansion.machine":1,"stat.useItem.minecraft.dirt":15,"stat.pickup.cyclicmagic.harvester_block":1,"stat.craftItem.minecraft.stone_pickaxe":17,"stat.pickup.minecraft.cobblestone":6214,"stat.mineBlock.minecraft.carpet":78,"stat.drop.exnihilocreatio.item_ore_iron":2,"stat.pickup.minecraft.clay":128,"stat.craftItem.minecraft.glass_bottle":3,"stat.pickup.appliedenergistics2.material":5,"stat.pickup.buildcraftcore.gear_iron":1,"stat.craftItem.yabba.upgrade_gold_tier":32,"stat.craftItem.minecraft.wooden_slab":196,"stat.craftItem.extrautils2.compresseddirt":137,"stat.pickup.minecraft.cactus":1,"stat.pickup.extrautils2.compressedgravel":2,"stat.pickup.minecraft.redstone":32,"stat.craftItem.minecraft.dispenser":1,"stat.pickup.exnihilocreatio.hammer_stone":6,"stat.drop.minecraft.log":3,"stat.drop.tconstruct.cast_custom":1,"stat.pickup.thaumcraft.crystal_ignis":7,"stat.drop.minecraft.coal":1,"stat.craftItem.buildcrafttransport.pipe_stone_item":48,"stat.mineBlock.thermalfoundation.ore":1,"stat.pickup.minecraft.redstone_lamp":3,"stat.pickup.minecraft.carpet":312,"stat.craftItem.tconstruct.soil":512,"stat.craftItem.harvestcraft.apple_sapling":1,"stat.craftItem.exnihilocreatio.hammer_stone":56,"stat.craftItem.minecraft.stone_slab2":0,"stat.pickup.exnihilocreatio.item_ore_aluminium":39,"stat.pickup.actuallyadditions.item_misc":4,"stat.craftItem.minecraft.stick":132,"stat.drop.thermalexpansion.reservoir":1,"stat.useItem.extrautils2.passivegenerator":13,"stat.drop.thermalfoundation.wrench":1,"stat.pickup.exnihilocreatio.item_material":87,"stat.useItem.tconstruct.casting":8,"stat.mineBlock.minecraft.crafting_table":2,"stat.useItem.excompressum.compressed_hammer_stone":768,"stat.drop.exnihilocreatio.block_dust":3,"stat.useItem.minecraft.wheat":1,"stat.useItem.extrautils2.crafter":1,"stat.drop.exnihilocreatio.item_cooked_silkworm":6,"stat.mineBlock.minecraft.planks":1,"stat.useItem.extrautils2.compressedsand":54,"stat.drop":76,"stat.useItem.thermalfoundation.tool.hammer_invar":2,"stat.drop.cyclicmagic.cyclic_wand_build":1,"stat.useItem.tconstruct.seared":130,"stat.craftItem.minecraft.piston":2,"stat.useItem.tp.bams_pizza":4,"stat.killEntity.BrainyZombie":2,"stat.craftItem.chancecubes.chance_cube":5,"stat.pickup.minecraft.gravel":3128,"stat.useItem.extrautils2.compressedcobblestone":352,"stat.useItem.minecraft.apple":15,"stat.useItem.exnihilocreatio.block_dust":3,"stat.pickup.exnihilocreatio.item_ore_tin":35,"stat.pickup.minecraft.iron_helmet":1,"stat.useItem.tp.birthday_pickaxe":313,"stat.craftItem.bonsaitrees.bonsaipot":24,"stat.useItem.minecraft.stone_axe":344,"stat.pickup.tp.bsc_iron_sword":1,"stat.pickup.exchangers.resonant_exchanger":1,"stat.craftItem.stoneblockutilities.crook_stone":5,"stat.drop.minecraft.glass":16,"stat.craftItem.exnihilocreatio.item_ore_iron":64,"stat.pickup.actuallyadditions.item_coffee_seed":1,"stat.craftItem.cyclicmagic.harvester_block":1,"stat.craftItem.randomthings.timeinabottle":2,"stat.pickup.minecraft.leather":8,"stat.craftItem.buildcrafttransport.pipe_wood_item":8,"stat.pickup.mysticalagriculture.crafting":13,"stat.pickup.minecraft.reeds":154,"stat.pickup.exnihilocreatio.item_ore_silver":30,"stat.killEntity.CaveSpider":1,"stat.drop.tp.plump_peach":1,"stat.damageDealt":6456,"stat.sleepInBed":1,"stat.craftItem.minecraft.bowl":4,"stat.walkOneCm":2180898,"stat.craftItem.excompressum.compressed_block":42,"stat.playerKills":1,"stat.pickup.minecraft.stick":1,"stat.mineBlock.stoneblockutilities.stoneworkbench":1,"stat.pickup.minecraft.clay_ball":15,"stat.craftItem.thermaldynamics.servo":36,"stat.pickup.minecraft.stone":1,"stat.mineBlock.minecraft.wool":64,"stat.pickup.actuallyadditions.item_spawner_changer":1,"stat.pickup.thermaldynamics.servo":2,"stat.killEntity.Skeleton":9,"stat.craftItem.mekanism.machineblock2":3,"stat.craftItem.exnihilocreatio.block_barrel0":2,"stat.pickup.minecraft.quartz":364,"stat.pickup.storagedrawers.upgrade_storage":1,"stat.mineBlock.minecraft.leaves":1238,"stat.mineBlock.tconstruct.seared":2,"stat.useItem.chisel.cobblestone2":16,"stat.mineBlock.tconstruct.casting":8,"stat.craftItem.exnihilocreatio.item_mesh":6,"stat.mineBlock.minecraft.stone":4024}