{"stat.drop.excompressum.compressed_hammer_stone":1,"stat.leaveGame":1,"stat.craftItem.excompressum.compressed_hammer_stone":3,"stat.mineBlock.extrautils2.compressedcobblestone":129,"stat.drop.exnihilocreatio.hammer_stone":2,"stat.drop.extrautils2.compressedgravel":12,"stat.drop.exnihilocreatio.item_ore_copper":1,"stat.useItem.minecraft.water_bucket":5,"stat.pickup.exnihilocreatio.block_dust":511,"stat.pickup.minecraft.sand":882,"stat.craftItem.minecraft.stone_axe":2,"stat.pickup.minecraft.bucket":1,"stat.pickup.exnihilocreatio.item_pebble":386,"stat.craftItem.tconstruct.casting":10,"stat.mineBlock.exnihilocreatio.block_infested_leaves":43,"stat.mineBlock.minecraft.sand":2,"stat.pickup.exnihilocreatio.item_ore_copper":1,"stat.useItem.exnihilocreatio.item_material":5,"stat.pickup.thermalfoundation.upgrade":1,"stat.craftItem.stonechest.chest_cobblestone":1,"stat.pickup.thermalfoundation.material":1,"stat.useItem.tp.cooked_apple":1,"stat.furnaceInteraction":97,"stat.drop.petrock.stoneium":1,"stat.pickup.actuallyadditions.item_solidified_experience":1,"stat.useItem.exnihilocreatio.item_cooked_silkworm":33,"stat.pickup.extrautils2.compressedsand":1,"stat.pickup.exnihilocreatio.item_ore_nickel":22,"stat.useItem.tconstruct.smeltery_io":9,"stat.pickup.actuallyadditions.item_dust":23,"stat.playOneMinute":246625,"stat.pickup.tconstruct.seared":2,"stat.chestOpened":13,"stat.pickup.tconstruct.casting":2,"stat.pickup.minecraft.arrow":4,"stat.drop.minecraft.flint":2,"stat.craftItem.minecraft.flint":12,"stat.pickup.stoneblockutilities.stoneworkbench":1,"stat.craftItem.minecraft.coal":190,"stat.fallOneCm":14294,"stat.drop.minecraft.dye":49,"stat.crouchOneCm":9440,"stat.craftItem.minecraft.iron_ingot":19,"stat.killEntity.thermalfoundation.blizz":1,"stat.craftingTableInteraction":1,"stat.useItem.minecraft.furnace":7,"stat.craftItem.tconstruct.materials":363,"stat.pickup.draconicevolution.draconium_chest":1,"stat.pickup.minecraft.dye":49,"stat.pickup.exnihilocreatio.item_ore_gold":19,"stat.mineBlock.minecraft.gravel":2,"stat.useItem.minecraft.stone_pickaxe":1990,"stat.craftItem.tconstruct.seared_tank":1,"stat.mineBlock.minecraft.dirt":16,"stat.useItem.stoneblockutilities.crook_stone":1191,"stat.pickup.exnihilocreatio.item_mesh":2,"stat.useItem.minecraft.torch":31,"stat.mineBlock.exnihilocreatio.block_dust":3,"stat.mineBlock.extrautils2.compresseddirt":98,"stat.useItem.minecraft.log":2,"stat.pickup.minecraft.crafting_table":2,"stat.pickup.tp.plump_pear":1,"stat.useItem.minecraft.cobblestone":40,"stat.craftItem.minecraft.crafting_table":1,"stat.craftItem.extrautils2.compressedgravel":110,"stat.pickup.minecraft.log":293,"stat.craftItem.exnihilocreatio.block_sieve":1,"stat.pickup.minecraft.iron_pickaxe":1,"stat.drop.minecraft.sapling":64,"stat.craftItem.chisel.chisel_iron":1,"stat.pickup.minecraft.sapling":256,"stat.pickup.minecraft.apple":34,"stat.useItem.exnihilocreatio.block_barrel0":1,"stat.craftItem.tconstruct.smeltery_controller":1,"stat.craftItem.minecraft.bucket":1,"stat.craftItem.minecraft.planks":45,"stat.craftItem.stoneblockutilities.stoneworkbench":1,"stat.mineBlock.minecraft.log":271,"stat.killEntity.BabySkeleton":2,"stat.sneakTime":4907,"stat.pickup.exnihilocreatio.block_sieve":1,"stat.mineBlock.extrautils2.compressedgravel":99,"stat.pickup.environmentaltech.void_ore_miner_cont_1":1,"stat.craftItem.minecraft.cobblestone":56,"stat.cakeSlicesEaten":7,"stat.drop.minecraft.stone_pickaxe":1,"stat.pickup.minecraft.bone":3,"stat.craftItem.stonechest.part_cobblestone":8,"stat.mineBlock.minecraft.cobblestone":27,"stat.pickup.minecraft.stone_pickaxe":2,"stat.pickup.minecraft.flint":2,"stat.craftItem.tconstruct.faucet":10,"stat.craftItem.extrautils2.compressedcobblestone":136,"stat.swimOneCm":768,"stat.drop.minecraft.cobblestone":2,"stat.pickup.tp.plump_peach":1,"stat.useItem.minecraft.stone_slab2":88,"stat.craftItem.minecraft.stone_pickaxe":16,"stat.pickup.minecraft.cobblestone":2761,"stat.useItem.exnihilocreatio.hammer_stone":372,"stat.flyOneCm":136925,"stat.pickup.minecraft.clay":128,"stat.useItem.extrautils2.compressedgravel":96,"stat.craftItem.minecraft.wooden_slab":6,"stat.craftItem.extrautils2.compresseddirt":98,"stat.pickup.extrautils2.compressedgravel":1,"stat.timeSinceDeath":246625,"stat.drop.minecraft.log":3,"stat.drop.minecraft.coal":1,"stat.craftItem.tconstruct.seared":79,"stat.killEntity.Creeper":1,"stat.craftItem.tconstruct.soil":512,"stat.pickup.minecraft.string":131,"stat.craftItem.harvestcraft.apple_sapling":1,"stat.craftItem.exnihilocreatio.hammer_stone":29,"stat.pickup.excompressum.compressed_hammer_stone":2,"stat.craftItem.minecraft.stone_slab2":0,"stat.craftItem.tconstruct.tooltables":2,"stat.craftItem.excompressum.heavy_sieve":1,"stat.sprintOneCm":230213,"stat.pickup.stoneblockutilities.crook_stone":1,"stat.craftItem.minecraft.stick":100,"stat.pickup.exnihilocreatio.item_material":78,"stat.useItem.tconstruct.casting":8,"stat.mineBlock.minecraft.crafting_table":2,"stat.useItem.excompressum.compressed_hammer_stone":381,"stat.drop.exnihilocreatio.block_dust":3,"stat.useItem.extrautils2.crafter":1,"stat.drop.exnihilocreatio.item_cooked_silkworm":6,"stat.useItem.extrautils2.compressedsand":54,"stat.drop":32,"stat.craftItem.excompressum.wooden_crucible":1,"stat.useItem.tconstruct.seared":130,"stat.mineBlock.extrautils2.compressedsand":57,"stat.killEntity.Zombie":1,"stat.pickup.minecraft.snowball":1,"stat.craftItem.exnihilocreatio.item_cooked_silkworm":66,"stat.pickup.minecraft.gravel":1620,"stat.useItem.extrautils2.compressedcobblestone":132,"stat.pickup.minecraft.stone_axe":1,"stat.useItem.minecraft.apple":8,"stat.useItem.exnihilocreatio.block_dust":3,"stat.drop.minecraft.apple":1,"stat.jump":832,"stat.useItem.minecraft.sand":1,"stat.pickup.minecraft.coal":1,"stat.pickup.minecraft.iron_helmet":1,"stat.pickup.minecraft.iron_ingot":2,"stat.useItem.minecraft.stone_axe":276,"stat.pickup.minecraft.gunpowder":25,"stat.craftItem.minecraft.torch":16,"stat.pickup.minecraft.dirt":900,"stat.craftItem.stoneblockutilities.crook_stone":5,"stat.drop.stonechest.part_cobblestone":1,"stat.useItem.minecraft.sapling":44,"stat.damageTaken":640,"stat.mineBlock.minecraft.torch":14,"stat.pickup.exnihilocreatio.item_ore_silver":20,"stat.drop.tp.plump_peach":1,"stat.craftItem.extrautils2.compressedsand":56,"stat.drop.tp.cooked_apple":9,"stat.damageDealt":1220,"stat.walkOneCm":829376,"stat.craftItem.excompressum.compressed_block":42,"stat.craftItem.tconstruct.smeltery_io":10,"stat.pickup.minecraft.stick":1,"stat.mineBlock.stoneblockutilities.stoneworkbench":1,"stat.useItem.minecraft.lava_bucket":32,"stat.useItem.tconstruct.faucet":9,"stat.pickup.actuallyadditions.item_spawner_changer":1,"stat.killEntity.Skeleton":1,"stat.craftItem.tp.cooked_apple":18,"stat.craftItem.mekanism.machineblock2":1,"stat.mobKills":6,"stat.craftItem.exnihilocreatio.block_barrel0":2,"stat.mineBlock.minecraft.leaves":1148,"stat.pickup.minecraft.torch":37,"stat.mineBlock.tconstruct.seared":2,"stat.drop.exnihilocreatio.item_mesh":1,"stat.mineBlock.tconstruct.casting":2,"stat.craftItem.exnihilocreatio.item_mesh":4,"stat.mineBlock.minecraft.stone":2332,"stat.mineBlock.exnihilocreatio.block_sieve":1,"stat.useItem.extrautils2.compresseddirt":96,"stat.pickup.ftbquests.book":1}