{"stat.craftItem.stonechest.chest_cobblestone":1,"stat.cakeSlicesEaten":7,"stat.drop.minecraft.stone_pickaxe":1,"stat.walkOneCm":507510,"stat.useItem.minecraft.torch":12,"stat.pickup.minecraft.bone":3,"stat.craftItem.stonechest.part_cobblestone":8,"stat.pickup.minecraft.stick":1,"stat.mineBlock.stoneblockutilities.stoneworkbench":1,"stat.pickup.minecraft.gravel":14,"stat.pickup.minecraft.arrow":2,"stat.mineBlock.minecraft.cobblestone":14,"stat.useItem.minecraft.log":2,"stat.pickup.thermalfoundation.material":1,"stat.useItem.minecraft.cobblestone":19,"stat.pickup.tp.plump_pear":1,"stat.pickup.minecraft.stone_pickaxe":2,"stat.pickup.minecraft.stone_axe":1,"stat.furnaceInteraction":44,"stat.useItem.minecraft.apple":8,"stat.drop.petrock.stoneium":1,"stat.pickup.stoneblockutilities.stoneworkbench":1,"stat.pickup.actuallyadditions.item_solidified_experience":1,"stat.craftItem.minecraft.coal":87,"stat.pickup.minecraft.log":266,"stat.pickup.minecraft.string":131,"stat.drop.minecraft.apple":1,"stat.jump":440,"stat.fallOneCm":9250,"stat.craftItem.harvestcraft.apple_sapling":1,"stat.craftItem.exnihilocreatio.hammer_stone":2,"stat.drop.exnihilocreatio.hammer_stone":1,"stat.useItem.minecraft.stone_axe":246,"stat.craftItem.minecraft.stone_slab2":0,"stat.pickup.tp.plump_peach":1,"stat.useItem.exnihilocreatio.item_cooked_silkworm":22,"stat.crouchOneCm":8679,"stat.pickup.actuallyadditions.item_spawner_changer":1,"stat.pickup.minecraft.sapling":235,"stat.pickup.minecraft.dirt":18,"stat.sprintOneCm":95219,"stat.useItem.minecraft.stone_slab2":40,"stat.pickup.minecraft.apple":22,"stat.craftItem.stoneblockutilities.crook_stone":5,"stat.killEntity.thermalfoundation.blizz":1,"stat.drop.stonechest.part_cobblestone":1,"stat.craftItem.minecraft.stick":24,"stat.killEntity.Skeleton":1,"stat.useItem.minecraft.sapling":38,"stat.pickup.exnihilocreatio.item_material":70,"stat.craftItem.minecraft.planks":12,"stat.craftItem.minecraft.stone_axe":1,"stat.damageTaken":590,"stat.craftItem.stoneblockutilities.stoneworkbench":1,"stat.mineBlock.minecraft.torch":4,"stat.craftItem.minecraft.stone_pickaxe":12,"stat.useItem.minecraft.furnace":7,"stat.pickup.exnihilocreatio.item_pebble":386,"stat.pickup.minecraft.cobblestone":2137,"stat.mobKills":5,"stat.mineBlock.minecraft.log":244,"stat.useItem.extrautils2.crafter":1,"stat.drop.exnihilocreatio.item_cooked_silkworm":6,"stat.mineBlock.exnihilocreatio.block_infested_leaves":43,"stat.useItem.exnihilocreatio.hammer_stone":256,"stat.flyOneCm":69325,"stat.drop.tp.plump_peach":1,"stat.drop":15,"stat.mineBlock.minecraft.leaves":1033,"stat.playOneMinute":143222,"stat.pickup.minecraft.torch":22,"stat.mineBlock.minecraft.gravel":2,"stat.killEntity.BabySkeleton":2,"stat.useItem.minecraft.stone_pickaxe":1514,"stat.sneakTime":4580,"stat.damageDealt":1010,"stat.useItem.exnihilocreatio.item_material":5,"stat.killEntity.Zombie":1,"stat.timeSinceDeath":143222,"stat.pickup.minecraft.snowball":1,"stat.mineBlock.minecraft.dirt":16,"stat.drop.minecraft.log":3,"stat.pickup.environmentaltech.void_ore_miner_cont_1":1,"stat.craftItem.exnihilocreatio.item_cooked_silkworm":39,"stat.craftItem.minecraft.cobblestone":56,"stat.mineBlock.minecraft.stone":1762,"stat.pickup.ftbquests.book":1,"stat.useItem.stoneblockutilities.crook_stone":1076}