{"stat.drop.excompressum.compressed_hammer_stone":1,"stat.pickup.minecraft.wooden_slab":2,"stat.leaveGame":8,"stat.pickup.mekanism.machineblock2":12,"stat.craftItem.excompressum.compressed_hammer_stone":6,"stat.useItem.chancecubes.chance_cube":22,"stat.drop.exchangers.resonant_exchanger":1,"stat.killEntity.PigZombie":1,"stat.mineBlock.minecraft.web":50,"stat.drop.exnihilocreatio.hammer_stone":2,"stat.mineBlock.gravestone.gravestone":3,"stat.craftItem.translocators.diamond_nugget":18,"stat.pickup.exnihilocreatio.block_dust":512,"stat.pickup.minecraft.rotten_flesh":25,"stat.pickup.excompressum.compressed_block":51,"stat.craftItem.minecraft.stone_axe":2,"stat.pickup.minecraft.bucket":4,"stat.killEntity.Enderman":9,"stat.mineBlock.minecraft.wooden_slab":1,"stat.drop.minecraft.sand":2,"stat.drop.extrautils2.unstableingots":1,"stat.craftItem.excompressum.compressed_hammer_diamond":2,"stat.pickup.exnihilocreatio.item_ore_copper":42,"stat.craftItem.excompressum.bait":2,"stat.pickup.cyclicmagic.cyclic_wand_build":1,"stat.useItem.exnihilocreatio.item_material":5,"stat.pickup.thermalfoundation.upgrade":3,"stat.useItem.minecraft.iron_pickaxe":250,"stat.craftItem.stonechest.chest_cobblestone":1,"stat.pickup.appliedenergistics2.sky_stone_block":14,"stat.drop.minecraft.diamond_chestplate":1,"stat.mineBlock.minecraft.hopper":7,"stat.pickup.thermalfoundation.material":6,"stat.craftItem.tp.iron_cobblegen_block":1,"stat.furnaceInteraction":117,"stat.mineBlock.chancecubes.chance_cube":35,"stat.useItem.chickens.spawn_egg":3,"stat.drop.hatchery.animalnet":1,"stat.drop.petrock.stoneium":1,"stat.pickup.appliedenergistics2.quartz_growth_accelerator":3,"stat.useItem.exnihilocreatio.item_cooked_silkworm":60,"stat.drop.appliedenergistics2.crystal_seed":328,"stat.pickup.minecraft.leather_helmet":1,"stat.pickup.tp.iron_cobblegen_block":1,"stat.useItem.minecraft.wheat_seeds":7,"stat.pickup.minecraft.emerald":9,"stat.mineBlock.enderstorage.ender_storage":6,"stat.pickup.minecraft.lever":1,"stat.deaths":3,"stat.useItem.tconstruct.smeltery_io":9,"stat.pickup.minecraft.egg":15,"stat.pickup.actuallyadditions.item_dust":128,"stat.pickup.thaumcraft.crystal_terra":9,"stat.pickup.randomthings.advanceditemcollector":2,"stat.craftItem.minecraft.iron_pickaxe":1,"stat.drop.tp.birthday_pickaxe":2,"stat.drop.minecraft.torch":1,"stat.mineBlock.minecraft.tallgrass":9,"stat.mineBlock.thermalexpansion.machine":1,"stat.pickup.tconstruct.seared":2,"stat.chestOpened":328,"stat.mineBlock.mekanism.machineblock2":12,"stat.pickup.fluxnetworks.fluxstorage":1,"stat.pickup.thermalfoundation.wrench":1,"stat.pickup.minecraft.arrow":11,"stat.craftItem.appliedenergistics2.part":55,"stat.pickup.extrautils2.compressedcobblestone":2,"stat.drop.thermalcultivation.watering_can":1,"stat.pickup.stoneblockutilities.stoneworkbench":1,"stat.pickup.minecraft.gold_nugget":3,"stat.useItem.appliedenergistics2.nether_quartz_spade":9,"stat.craftItem.minecraft.coal":190,"stat.pickup.tconstruct.cast_custom":5,"stat.craftItem.uppers.upper":1,"stat.drop.minecraft.stone_sword":1,"stat.crouchOneCm":35961,"stat.craftItem.minecraft.diamond":10,"stat.craftItem.minecraft.iron_ingot":317,"stat.pickup.bonsaitrees.bonsaipot":12,"stat.killEntity.thermalfoundation.blizz":1,"stat.craftItem.minecraft.hopper":12,"stat.craftingTableInteraction":13,"stat.mineBlock.appliedenergistics2.inscriber":2,"stat.drop.thermalfoundation.ore":2,"stat.pickup.minecraft.repeater":3,"stat.useItem.minecraft.reeds":4,"stat.pickup.minecraft.dye":8262,"stat.pickup.exnihilocreatio.item_ore_gold":118,"stat.pickup.minecraft.planks":256,"stat.pickup.minecraft.wheat_seeds":454,"stat.pickup.enderio.item_material":1,"stat.mineBlock.minecraft.glass":3,"stat.pickup.cyclicmagic.water_candle":1,"stat.pickup.thermaldynamics.duct_16":1,"stat.craftItem.roost.catcher":1,"stat.mineBlock.minecraft.dirt":42,"stat.craftItem.thermaldynamics.duct_16":54,"stat.pickup.minecraft.poisonous_potato":1,"stat.useItem.stoneblockutilities.crook_stone":1280,"stat.pickup.exnihilocreatio.item_mesh":2,"stat.drop.minecraft.paper":76,"stat.mineBlock.extrautils2.compresseddirt":138,"stat.drop.minecraft.rotten_flesh":4,"stat.useItem.minecraft.cobblestone":445,"stat.useItem.cyclicmagic.block_storeempty":5,"stat.pickup.appliedenergistics2.energy_acceptor":2,"stat.useItem.minecraft.gravel":12,"stat.pickup.extrautils2.crafter":2,"stat.drop.minecraft.chicken":1,"stat.craftItem.exnihilocreatio.block_sieve":1,"stat.pickup.minecraft.iron_pickaxe":1,"stat.craftItem.appliedenergistics2.drive":4,"stat.craftItem.minecraft.gold_ingot":54,"stat.pickup.randomthings.timeinabottle":8,"stat.drop.minecraft.sapling":64,"stat.pickup.minecraft.hopper":10,"stat.pickup.minecraft.chicken":34,"stat.craftItem.chisel.chisel_iron":1,"stat.pickup.minecraft.apple":84,"stat.pickup.extrautils2.compresseddirt":5,"stat.craftItem.appliedenergistics2.fluix_block":4,"stat.craftItem.minecraft.bucket":2,"stat.craftItem.minecraft.planks":1009,"stat.pickup.extrautils2.filter":2,"stat.craftItem.stoneblockutilities.stoneworkbench":1,"stat.pickup.minecraft.stone_sword":1,"stat.mineBlock.minecraft.log":296,"stat.useItem.roost.chicken":149,"stat.craftItem.minecraft.paper":102,"stat.killEntity.BabySkeleton":2,"stat.mineBlock.exnihilocreatio.block_crucible":7,"stat.pickup.minecraft.red_flower":1,"stat.pickup.exnihilocreatio.block_sieve":1,"stat.pickup.minecraft.wool":43,"stat.pickup.appliedenergistics2.part":11,"stat.craftItem.minecraft.cobblestone":56,"stat.cakeSlicesEaten":7,"stat.pickup.harvestcraft.epicbaconitem":69,"stat.pickup.cyclicmagic.sprinkler":1,"stat.mineBlock.minecraft.cobblestone":205,"stat.pickup.minecraft.stone_pickaxe":2,"stat.pickup.minecraft.flint":2998,"stat.craftItem.thermalfoundation.storage_alloy":8,"stat.useItem.cyclicmagic.cyclic_wand_build":3,"stat.drop.thermalfoundation.material":9,"stat.drop.storagedrawers.upgrade_storage":1,"stat.drop.randomthings.advanceditemcollector":2,"stat.craftItem.minecraft.clock":2,"stat.useItem.thermaldynamics.duct_16":27,"stat.drop.minecraft.cobblestone":92,"stat.pickup.hatchery.animalnet":3,"stat.pickup.tp.plump_peach":1,"stat.useItem.minecraft.obsidian":2,"stat.useItem.minecraft.cookie":33,"stat.mineBlock.ironchest.iron_chest":38,"stat.useItem.minecraft.stone_slab2":500,"stat.pickup.minecraft.bow":3,"stat.pickup.minecraft.iron_boots":1,"stat.pickup.minecraft.stone_hoe":3,"stat.craftItem.minecraft.lapis_block":8,"stat.pickup.thermalfoundation.ore":4,"stat.craftItem.exnihilocreatio.hammer_diamond":13,"stat.useItem.minecraft.egg":1,"stat.pickup.tp.cobblegen_block":1,"stat.mineBlock.minecraft.obsidian":15,"stat.craftItem.minecraft.bow":1,"stat.pickup.minecraft.diamond_leggings":6,"stat.useItem.exnihilocreatio.hammer_stone":432,"stat.flyOneCm":1348217,"stat.pickup.actuallyadditions.item_booklet":4,"stat.useItem.extrautils2.compressedgravel":190,"stat.craftItem.yabba.upgrade_blank":224,"stat.timeSinceDeath":661474,"stat.useItem.minecraft.wooden_slab":1,"stat.killEntity.Bat":4,"stat.pickup.hatchery.chickenmanure":37,"stat.craftItem.tconstruct.seared":79,"stat.pickup.minecraft.nether_wart":7,"stat.killEntity.Creeper":4,"stat.pickup.extrautils2.ingredients":12,"stat.craftItem.minecraft.stone_hoe":1,"stat.pickup.extrautils2.unstableingots":5,"stat.talkedToVillager":2,"stat.pickup.extrautils2.angelring":1,"stat.drop.minecraft.spawn_egg":3,"stat.pickup.minecraft.string":184,"stat.pickup.ae2wtlib.infinity_booster_card":4,"stat.pickup.excompressum.compressed_hammer_stone":2,"stat.useItem.minecraft.written_book":1,"stat.craftItem.tconstruct.tooltables":2,"stat.craftItem.excompressum.heavy_sieve":1,"stat.sprintOneCm":1514735,"stat.pickup.stoneblockutilities.crook_stone":1,"stat.mineBlock.extrautils2.machine":6,"stat.pickup.extrautils2.passivegenerator":7,"stat.useItem.enderstorage.ender_storage":2,"stat.pickup.yabba.upgrade_blank":16,"stat.pickup.minecraft.spawn_egg":6,"stat.craftItem.excompressum.wooden_crucible":1,"stat.mineBlock.bonsaitrees.bonsaipot":12,"stat.mineBlock.extrautils2.compressedsand":57,"stat.killEntity.Zombie":9,"stat.pickup.minecraft.snowball":29,"stat.craftItem.minecraft.dye":54,"stat.craftItem.exnihilocreatio.item_cooked_silkworm":66,"stat.diveOneCm":1257,"stat.pickup.minecraft.wheat":473,"stat.pickup.extrautils2.machine":7,"stat.pickup.minecraft.sign":1,"stat.pickup.exnihilocreatio.block_crucible":7,"stat.pickup.minecraft.stone_axe":1,"stat.useItem.bonsaitrees.bonsaipot":21,"stat.pickup.minecraft.obsidian":15,"stat.drop.minecraft.apple":1,"stat.mineBlock.appliedenergistics2.energy_acceptor":2,"stat.jump":5866,"stat.useItem.minecraft.sand":2,"stat.pickup.tp.birthday_pickaxe":8,"stat.pickup.minecraft.coal":53,"stat.pickup.minecraft.iron_ingot":2150,"stat.craftItem.minecraft.lever":4,"stat.pickup.minecraft.gunpowder":173,"stat.craftItem.minecraft.torch":16,"stat.pickup.excompressum.chicken_stick":1,"stat.pickup.minecraft.dirt":2016,"stat.drop.stonechest.part_cobblestone":1,"stat.useItem.minecraft.sapling":50,"stat.pickup.draconicevolution.generator":6,"stat.pickup.minecraft.gold_ore":2,"stat.drop.extrautils2.compressedcobblestone":1,"stat.pickup.minecraft.cookie":150,"stat.pickup.appliedenergistics2.nether_quartz_spade":4,"stat.useItem.appliedenergistics2.quartz_glass":1,"stat.damageTaken":5140,"stat.mineBlock.minecraft.torch":31,"stat.craftItem.buildcraftcore.engine":2,"stat.pickup.minecraft.written_book":1,"stat.pickup.immersiveengineering.metal":9,"stat.craftItem.hatchery.animalnet":1,"stat.pickup.tconstruct.ingots":1,"stat.pickup.minecraft.potato":54,"stat.craftItem.extrautils2.compressedsand":99,"stat.drop.tp.cooked_apple":9,"stat.pickup.thermalexpansion.reservoir":1,"stat.craftItem.extrautils2.wateringcan":1,"stat.killEntity.Silverfish":1,"stat.useItem.excompressum.compressed_hammer_diamond":184,"stat.useItem.hatchery.chickenmanure":8,"stat.craftItem.minecraft.stone_slab":6,"stat.craftItem.yabba.upgrade_iron_tier":32,"stat.craftItem.tconstruct.smeltery_io":10,"stat.useItem.minecraft.chest":15,"stat.pickup.minecraft.diamond_pickaxe":2,"stat.pickup.appliedenergistics2.quartz_glass":1,"stat.mineBlock.thermaldynamics.duct_16":1,"stat.useItem.minecraft.lava_bucket":113,"stat.pickup.thaumcraft.crystal_aer":5,"stat.craftItem.mekanism.ingot":27,"stat.drop.minecraft.netherrack":3,"stat.useItem.tconstruct.faucet":9,"stat.craftItem.minecraft.wheat":9,"stat.drop.roost.roost":8,"stat.shulkerBoxOpened":2,"stat.pickup.minecraft.ender_pearl":47,"stat.drop.minecraft.egg":1,"stat.pickup.thermalcultivation.watering_can":1,"stat.pickup.cyclicmagic.glove_climb":2,"stat.drop.minecraft.cookie":9,"stat.craftItem.tp.cooked_apple":18,"stat.pickup.thaumcraft.crystal_perditio":7,"stat.mobKills":96,"stat.pickup.minecraft.diamond_boots":6,"stat.drop.minecraft.written_book":1,"stat.useItem.appliedenergistics2.drive":2,"stat.craftItem.exnihilocreatio.item_ore_gold":13,"stat.pickup.minecraft.diamond":16,"stat.pickup.ftbquests.lootcrate":15,"stat.pickup.minecraft.torch":96,"stat.useItem.thermaldynamics.servo":23,"stat.pickup.thaumcraft.brain":3,"stat.drop.exnihilocreatio.item_mesh":1,"stat.drop.minecraft.stone_axe":1,"stat.mineBlock.tp.cobblegen_block":1,"stat.mineBlock.exnihilocreatio.block_sieve":1,"stat.useItem.extrautils2.compresseddirt":133,"stat.useItem.randomthings.timeinabottle":750,"stat.pickup.ftbquests.book":1,"stat.mineBlock.thaumcraft.ore_quartz":1,"stat.pickup.thaumcraft.crystal_ordo":11,"stat.killEntity.Blaze":1,"stat.mineBlock.extrautils2.compressedcobblestone":474,"stat.drop.minecraft.skull":1,"stat.drop.chickens.spawn_egg":2,"stat.pickup.appliedenergistics2.drive":1,"stat.pickup.minecraft.glowstone_dust":76,"stat.pickup.enderstorage.ender_storage":6,"stat.drop.extrautils2.compressedgravel":12,"stat.pickup.minecraft.blaze_powder":56,"stat.craftItem.hatchery.nest":3,"stat.drop.exnihilocreatio.item_ore_copper":1,"stat.useItem.minecraft.water_bucket":66,"stat.pickup.minecraft.sand":4871,"stat.drop.hatchery.chickenmanure":2,"stat.useItem.tp.bsc_iron_sword":104,"stat.pickup.exnihilocreatio.item_pebble":400,"stat.mineBlock.appliedenergistics2.grindstone":1,"stat.craftItem.tconstruct.casting":10,"stat.mineBlock.exnihilocreatio.block_infested_leaves":43,"stat.craftItem.minecraft.stone_sword":1,"stat.drop.roost.chicken":66,"stat.mineBlock.minecraft.snow_layer":2,"stat.useItem.minecraft.ender_pearl":3,"stat.mineBlock.minecraft.sand":11,"stat.mineBlock.environmentaltech.void_ore_miner_cont_1":1,"stat.hopperInspected":75,"stat.useItem.yabba.item_barrel":36,"stat.drop.minecraft.diamond":2,"stat.useItem.minecraft.spawn_egg":3,"stat.pickup.thermalexpansion.cell":2,"stat.drop.excompressum.chicken_stick":1,"stat.pickup.projectred-core.resource_item":19,"stat.craftItem.appliedenergistics2.quartz_growth_accelerator":4,"stat.useItem.tp.cooked_apple":1,"stat.craftItem.yabba.item_barrel":64,"stat.pickup.appliedenergistics2.crystal_seed":238,"stat.pickup.exnihilocreatio.block_barrel1":1,"stat.pickup.actuallyadditions.item_solidified_experience":21,"stat.craftItem.thermalfoundation.material":297,"stat.pickup.appliedenergistics2.inscriber":3,"stat.pickup.chickens.colored_egg":2,"stat.craftItem.cyclicmagic.block_storeempty":6,"stat.drop.buildcraftcore.gear_iron":1,"stat.pickup.extrautils2.compressedsand":1,"stat.pickup.exnihilocreatio.item_ore_iron":121,"stat.mineBlock.thermalexpansion.cell":1,"stat.pickup.minecraft.iron_chestplate":1,"stat.mineBlock.appliedenergistics2.energy_cell":2,"stat.pickup.minecraft.skull":7,"stat.pickup.exnihilocreatio.item_ore_osmium":3,"stat.mineBlock.extrautils2.passivegenerator":5,"stat.pickup.chancecubes.chance_cube":27,"stat.craftItem.minecraft.sand":162,"stat.craftItem.appliedenergistics2.quartz_glass":20,"stat.craftItem.ironchest.iron_chest":14,"stat.pickup.exnihilocreatio.item_ore_nickel":130,"stat.useItem.buildcrafttransport.pipe_wood_item":1,"stat.useItem.minecraft.hopper":6,"stat.mineBlock.minecraft.soul_sand":4,"stat.mineBlock.minecraft.oak_stairs":2,"stat.pickup.ironchest.iron_chest":38,"stat.drop.randomthings.timeinabottle":2,"stat.useItem.hatchery.animalnet":55,"stat.playOneMinute":1471266,"stat.pickup.minecraft.blaze_rod":3,"stat.craftItem.appliedenergistics2.energy_cell":1,"stat.pickup.minecraft.diamond_block":4,"stat.craftItem.appliedenergistics2.smooth_sky_stone_block":14,"stat.mineBlock.cyclicmagic.block_user":2,"stat.pickup.minecraft.netherrack":10,"stat.pickup.minecraft.pumpkin":4,"stat.pickup.roost.breeder":8,"stat.pickup.appliedenergistics2.grindstone":1,"stat.pickup.tconstruct.casting":7,"stat.drop.minecraft.hopper":3,"stat.craftItem.appliedenergistics2.material":86,"stat.mineBlock.minecraft.netherrack":4,"stat.mineBlock.appliedenergistics2.cable_bus":12,"stat.drop.minecraft.flint":5,"stat.craftItem.minecraft.flint":28,"stat.useItem.exchangers.resonant_exchanger":18,"stat.useItem.betterbuilderswands.wandstone":2,"stat.craftItem.minecraft.iron_nugget":207,"stat.craftItem.appliedenergistics2.grindstone":1,"stat.fallOneCm":54410,"stat.drop.minecraft.dye":50,"stat.craftItem.minecraft.chest":55,"stat.mineBlock.minecraft.lever":1,"stat.drop.appliedenergistics2.drive":1,"stat.mineBlock.cyclicmagic.harvester_block":1,"stat.pickup.minecraft.comparator":12,"stat.pickup.minecraft.feather":2,"stat.useItem.minecraft.furnace":7,"stat.useItem.harvestcraft.epicbaconitem":27,"stat.craftItem.tconstruct.materials":363,"stat.pickup.draconicevolution.draconium_chest":1,"stat.pickup.betterbuilderswands.wandstone":4,"stat.pickup.minecraft.iron_leggings":1,"stat.pickup.thermalfoundation.glass":8,"stat.mineBlock.minecraft.gravel":17,"stat.useItem.minecraft.stone_pickaxe":2136,"stat.craftItem.tconstruct.seared_tank":1,"stat.useItem.minecraft.stone_sword":81,"stat.pickup.appliedenergistics2.energy_cell":2,"stat.pickup.botania.specialflower":1,"stat.mineBlock.minecraft.monster_egg":3,"stat.useItem.chickens.colored_egg":4,"stat.useItem.minecraft.torch":50,"stat.mineBlock.exnihilocreatio.block_dust":3,"stat.pickup.minecraft.golden_apple":64,"stat.useItem.ironchest.iron_chest":9,"stat.useItem.minecraft.log":2,"stat.pickup.minecraft.crafting_table":2,"stat.pickup.tp.plump_pear":1,"stat.craftItem.minecraft.crafting_table":6,"stat.craftItem.extrautils2.compressedgravel":518,"stat.craftItem.appliedenergistics2.energy_acceptor":1,"stat.killEntity.LavaSlime":4,"stat.pickup.excompressum.bait":3,"stat.mineBlock.minecraft.emerald_ore":1,"stat.pickup.minecraft.log":2246,"stat.pickup.appliedenergistics2.crank":1,"stat.pickup.minecraft.sapling":276,"stat.pickup.roost.chicken":28,"stat.mineBlock.appliedenergistics2.quartz_glass":1,"stat.entityKilledBy.Enderman":1,"stat.useItem.exnihilocreatio.block_barrel0":1,"stat.craftItem.tconstruct.smeltery_controller":1,"stat.useItem.hatchery.nest":1,"stat.pickup.minecraft.diamond_helmet":6,"stat.useItem.exnihilocreatio.block_crucible":18,"stat.pickup.extrautils2.spike_iron":32,"stat.pickup.roost.catcher":3,"stat.craftItem.hatchery.pen":1,"stat.craftItem.minecraft.cooked_chicken":107,"stat.useItem.minecraft.stone_hoe":5,"stat.useItem.buildcrafttransport.pipe_stone_item":23,"stat.sneakTime":16486,"stat.craftItem.appliedenergistics2.controller":4,"stat.mineBlock.extrautils2.compressedgravel":196,"stat.pickup.environmentaltech.void_ore_miner_cont_1":2,"stat.drop.minecraft.stone_pickaxe":1,"stat.pickup.immersiveengineering.ore":4,"stat.pickup.minecraft.bone":17,"stat.craftItem.ceramics.unfired_clay":68,"stat.pickup.minecraft.redstone_torch":3,"stat.craftItem.stonechest.part_cobblestone":8,"stat.drop.minecraft.glowstone_dust":1,"stat.craftItem.tconstruct.faucet":10,"stat.pickup.thermalinnovation.drill":3,"stat.pickup.exnihilocreatio.item_ore_lead":37,"stat.craftItem.extrautils2.compressedcobblestone":576,"stat.swimOneCm":19513,"stat.mineBlock.minecraft.diamond_block":3,"stat.craftItem.appliedenergistics2.crank":1,"stat.pickup.thermalexpansion.machine":3,"stat.useItem.minecraft.dirt":15,"stat.drop.minecraft.quartz":64,"stat.mineBlock.extrautils2.spike_iron":33,"stat.pickup.cyclicmagic.harvester_block":1,"stat.craftItem.minecraft.stone_pickaxe":17,"stat.pickup.minecraft.cobblestone":6607,"stat.mineBlock.minecraft.carpet":78,"stat.drop.exnihilocreatio.item_ore_iron":2,"stat.useItem.hatchery.hatcheryegg":2,"stat.pickup.minecraft.clay":128,"stat.craftItem.minecraft.glass_bottle":3,"stat.pickup.minecraft.soul_sand":16,"stat.pickup.appliedenergistics2.material":416,"stat.pickup.buildcraftcore.gear_iron":1,"stat.drop.minecraft.wheat_seeds":128,"stat.craftItem.yabba.upgrade_gold_tier":32,"stat.craftItem.minecraft.wooden_slab":196,"stat.craftItem.extrautils2.compresseddirt":137,"stat.pickup.minecraft.cactus":1,"stat.pickup.extrautils2.compressedgravel":2,"stat.pickup.minecraft.redstone":410,"stat.craftItem.minecraft.dispenser":1,"stat.ae2.TurnedCranks":598,"stat.drop.extrautils2.angelring":1,"stat.pickup.exnihilocreatio.hammer_stone":6,"stat.drop.minecraft.log":3,"stat.drop.tconstruct.cast_custom":1,"stat.pickup.thaumcraft.crystal_ignis":7,"stat.drop.minecraft.coal":1,"stat.useItem.minecraft.lever":1,"stat.craftItem.buildcrafttransport.pipe_stone_item":48,"stat.mineBlock.thermalfoundation.ore":1,"stat.pickup.minecraft.redstone_lamp":3,"stat.pickup.minecraft.carpet":312,"stat.useItem.appliedenergistics2.quartz_growth_accelerator":3,"stat.craftItem.tconstruct.soil":512,"stat.craftItem.harvestcraft.apple_sapling":1,"stat.useItem.tconstruct.edible":1,"stat.craftItem.exnihilocreatio.hammer_stone":56,"stat.craftItem.minecraft.stone_slab2":0,"stat.pickup.exnihilocreatio.item_ore_aluminium":39,"stat.pickup.minecraft.silver_shulker_box":1,"stat.pickup.actuallyadditions.item_misc":4,"stat.craftItem.minecraft.stick":160,"stat.drop.thermalexpansion.reservoir":1,"stat.useItem.extrautils2.passivegenerator":13,"stat.drop.thermalfoundation.wrench":1,"stat.pickup.exnihilocreatio.item_material":96,"stat.useItem.tconstruct.casting":8,"stat.mineBlock.minecraft.crafting_table":2,"stat.killEntity.Endermite":1,"stat.useItem.excompressum.compressed_hammer_stone":768,"stat.drop.exnihilocreatio.block_dust":4,"stat.useItem.minecraft.wheat":1,"stat.pickup.minecraft.diamond_chestplate":6,"stat.pickup.cookingforblockheads.tool_rack":1,"stat.useItem.extrautils2.crafter":1,"stat.drop.exnihilocreatio.item_cooked_silkworm":6,"stat.pickup.chancecubes.chance_icosahedron":1,"stat.mineBlock.minecraft.planks":1,"stat.useItem.extrautils2.compressedsand":54,"stat.drop":121,"stat.useItem.thermalfoundation.tool.hammer_invar":2,"stat.drop.cyclicmagic.cyclic_wand_build":1,"stat.useItem.tconstruct.seared":130,"stat.pickup.minecraft.slime_ball":54,"stat.craftItem.minecraft.piston":2,"stat.useItem.tp.bams_pizza":4,"stat.killEntity.BrainyZombie":2,"stat.craftItem.chancecubes.chance_cube":5,"stat.pickup.minecraft.gravel":4784,"stat.useItem.extrautils2.compressedcobblestone":533,"stat.killEntity.Slime":16,"stat.useItem.minecraft.apple":16,"stat.useItem.exnihilocreatio.block_dust":3,"stat.pickup.exnihilocreatio.item_ore_tin":35,"stat.pickup.minecraft.fence":32,"stat.pickup.minecraft.iron_helmet":1,"stat.useItem.tp.birthday_pickaxe":647,"stat.craftItem.bonsaitrees.bonsaipot":24,"stat.useItem.minecraft.stone_axe":344,"stat.pickup.minecraft.spider_eye":1,"stat.pickup.tp.bsc_iron_sword":6,"stat.pickup.exchangers.resonant_exchanger":1,"stat.craftItem.stoneblockutilities.crook_stone":5,"stat.drop.minecraft.glass":16,"stat.useItem.minecraft.cooked_chicken":27,"stat.pickup.minecraft.iron_ore":2,"stat.pickup.minecraft.snow":2,"stat.boatOneCm":5138734,"stat.craftItem.exnihilocreatio.item_ore_iron":64,"stat.pickup.actuallyadditions.item_coffee_seed":1,"stat.craftItem.cyclicmagic.harvester_block":1,"stat.craftItem.randomthings.timeinabottle":2,"stat.pickup.minecraft.leather":10,"stat.craftItem.buildcrafttransport.pipe_wood_item":8,"stat.pickup.mysticalagriculture.crafting":39,"stat.pickup.minecraft.reeds":154,"stat.pickup.exnihilocreatio.item_ore_silver":147,"stat.killEntity.CaveSpider":1,"stat.drop.tp.plump_peach":1,"stat.damageDealt":12695,"stat.pickup.extrautils2.wateringcan":3,"stat.sleepInBed":1,"stat.craftItem.minecraft.bowl":4,"stat.craftItem.minecraft.gravel":576,"stat.walkOneCm":2762435,"stat.craftItem.excompressum.compressed_block":68,"stat.playerKills":1,"stat.pickup.thermalfoundation.tool.hammer_invar":3,"stat.pickup.minecraft.stick":1,"stat.mineBlock.stoneblockutilities.stoneworkbench":1,"stat.drop.appliedenergistics2.material":18,"stat.pickup.minecraft.clay_ball":16,"stat.craftItem.thermaldynamics.servo":36,"stat.pickup.quantumflux.craftingpiece":5,"stat.pickup.minecraft.stone":1,"stat.mineBlock.minecraft.wool":64,"stat.pickup.actuallyadditions.item_spawner_changer":1,"stat.craftItem.minecraft.hay_block":10,"stat.mineBlock.appliedenergistics2.quartz_growth_accelerator":3,"stat.pickup.thermaldynamics.servo":2,"stat.pickup.minecraft.gold_ingot":1,"stat.killEntity.Skeleton":10,"stat.craftItem.appliedenergistics2.crystal_seed":90,"stat.craftItem.mekanism.machineblock2":3,"stat.killEntity.Spider":1,"stat.craftItem.exnihilocreatio.block_barrel1":1,"stat.craftItem.exnihilocreatio.block_barrel0":2,"stat.drop.minecraft.diamond_boots":1,"stat.pickup.minecraft.quartz":524,"stat.pickup.storagedrawers.upgrade_storage":1,"stat.pickup.minecraft.water_bucket":1,"stat.mineBlock.minecraft.leaves":1238,"stat.mineBlock.tconstruct.seared":2,"stat.useItem.appliedenergistics2.part":18,"stat.useItem.chisel.cobblestone2":16,"stat.mineBlock.tconstruct.casting":8,"stat.craftItem.exnihilocreatio.item_mesh":6,"stat.mineBlock.minecraft.stone":4229}